ride_date,num_rides,avg_duration_min,day,day_of_week,month,obs_date,temp_f,max_temp_f,min_temp_f,wind_speed_knots,precip_in
2015-03-26,14954,11.843317284115733,26,Thursday,3,2015-03-26,45.2,57.0,32.0,4.4,0.05
2015-02-02,1459,15.347703906785473,2,Monday,2,2015-02-02,29.6,36.0,19.9,11.2,0.84
2015-11-05,43006,15.287937729619122,5,Thursday,11,2015-11-05,62.0,71.1,55.0,3.3,0.0
2015-02-21,3157,9.848833280540596,21,Saturday,2,2015-02-21,20.1,28.9,3.0,8.0,0.01
2015-02-08,6662,11.115628439907937,8,Sunday,2,2015-02-08,33.0,36.0,26.1,8.9,0.01
2015-10-09,37283,21.96473459753776,9,Friday,10,2015-10-09,66.9,78.1,60.1,7.7,0.0
2015-11-10,21585,13.018756080611537,10,Tuesday,11,2015-11-10,56.0,60.1,46.0,9.6,0.0
2015-04-01,20146,13.21556388364936,1,Wednesday,4,2015-04-01,39.8,51.1,34.0,8.5,0.14
2015-01-14,13086,10.383807122115236,14,Wednesday,1,2015-01-14,22.0,36.0,17.1,9.1,0.0
2015-12-23,14817,13.37780364896178,23,Wednesday,12,2015-12-23,54.2,62.1,50.0,6.1,0.18
2015-06-20,23580,16.728049194232405,20,Saturday,6,2015-06-20,69.5,84.9,64.0,8.3,0.0
2015-06-21,25926,18.059541901308855,21,Sunday,6,2015-06-21,75.0,90.0,64.0,9.4,0.25
2015-07-01,37539,14.627503396467672,1,Wednesday,7,2015-07-01,76.4,84.9,70.0,9.7,0.35
2015-03-04,7514,11.673711294472543,4,Wednesday,3,2015-03-04,38.9,46.9,24.1,8.0,0.73
2015-04-07,16262,11.673802935268313,7,Tuesday,4,2015-04-07,50.6,60.1,39.0,7.7,0.01
2015-05-31,19586,18.385298172163793,31,Sunday,5,2015-05-31,74.6,86.0,66.0,9.6,0.0
2015-06-13,29980,19.425647098065387,13,Saturday,6,2015-06-13,80.5,88.0,71.1,10.1,0.0
2015-05-25,28164,20.0718174501728,25,Monday,5,2015-05-25,72.5,82.9,55.9,8.8,0.0
2015-05-04,32066,16.651919998336762,4,Monday,5,2015-05-04,66.5,82.0,51.1,7.1,0.0
2015-09-02,43225,15.4317061885483,2,Wednesday,9,2015-09-02,80.2,88.0,75.0,5.6,0.0
2015-08-20,39280,14.207862780040728,20,Thursday,8,2015-08-20,81.0,87.1,75.9,11.0,0.0
2015-10-29,45358,16.44813189881976,29,Thursday,10,2015-10-29,67.6,73.9,51.1,13.5,1.26
2015-08-30,32913,18.77698376528019,30,Sunday,8,2015-08-30,79.1,90.0,70.0,7.4,0.0
2015-04-06,23391,15.09333860601656,6,Monday,4,2015-04-06,46.7,62.1,39.0,7.8,0.0
2015-01-30,9015,10.857901645405803,30,Friday,1,2015-01-30,33.9,37.0,21.0,10.8,0.07
2015-02-17,4784,10.820833333333342,17,Tuesday,2,2015-02-17,19.4,28.0,3.9,6.6,0.11
2015-03-11,19561,13.397417480360575,11,Wednesday,3,2015-03-11,46.4,60.1,33.1,7.5,0.44
2015-01-09,7930,10.61096469104666,9,Friday,1,2015-01-09,24.0,33.1,8.1,13.3,0.0
2015-01-19,10710,11.528778400248989,19,Monday,1,2015-01-19,39.4,43.0,28.9,12.3,1.98
2015-12-16,35643,13.286628978106966,16,Wednesday,12,2015-12-16,50.0,64.0,45.0,10.8,0.11
2015-07-23,42175,14.830885595732065,23,Thursday,7,2015-07-23,77.1,86.0,71.1,9.2,0.0
2015-09-03,42879,13.919988417018429,3,Thursday,9,2015-09-03,82.6,93.0,75.0,4.9,0.0
2015-08-28,41755,15.329681076118629,28,Friday,8,2015-08-28,73.1,82.9,66.0,5.3,0.0
2015-02-13,7642,10.384181715083312,13,Friday,2,2015-02-13,17.6,39.9,9.0,18.2,0.0
2015-06-11,37400,14.35285383244207,11,Thursday,6,2015-06-11,80.2,91.9,66.0,8.8,0.0
2015-10-01,34719,18.449217527386537,1,Thursday,10,2015-10-01,59.4,78.1,54.0,13.6,0.06
2015-08-31,40119,14.14580830363004,31,Monday,8,2015-08-31,82.7,91.9,72.0,7.5,0.08
2015-06-06,26334,18.09425837320574,6,Saturday,6,2015-06-06,65.7,73.9,55.9,7.3,0.55
2015-03-28,1107,12.674495633845227,28,Saturday,3,2015-03-28,37.6,46.0,33.1,10.7,0.28
2015-01-05,14506,10.630196700216002,5,Monday,1,2015-01-05,42.5,57.0,28.9,18.2,0.13
2015-05-16,23882,18.76949376099154,16,Saturday,5,2015-05-16,65.2,75.0,55.9,6.5,0.01
2015-05-15,34945,15.999832117136451,15,Friday,5,2015-05-15,63.2,73.9,52.0,7.6,0.0
2015-11-16,40916,15.260485303222865,16,Monday,11,2015-11-16,58.8,68.0,42.1,5.7,0.0
2015-07-28,40434,14.023608844042142,28,Tuesday,7,2015-07-28,82.8,93.9,75.9,5.0,0.0
2015-09-28,48011,17.792971749529624,28,Monday,9,2015-09-28,68.5,79.0,55.9,6.3,0.0
2015-05-14,40826,16.911596776563957,14,Thursday,5,2015-05-14,59.7,72.0,52.0,8.5,0.0
2015-05-21,31214,13.769075308088247,21,Thursday,5,2015-05-21,57.1,66.0,53.1,7.0,0.0
2015-11-03,49326,18.01580370055008,3,Tuesday,11,2015-11-03,61.3,73.0,51.1,2.5,0.0
2015-08-18,39916,14.111271169455858,18,Tuesday,8,2015-08-18,83.4,93.0,77.0,8.5,0.0
2015-08-06,42283,14.349701219560265,6,Thursday,8,2015-08-06,76.3,88.0,64.9,6.7,0.0
2015-08-02,31622,19.153534986191055,2,Sunday,8,2015-08-02,81.0,90.0,73.0,6.5,0.0
2015-04-27,25501,13.120946237402451,27,Monday,4,2015-04-27,53.8,61.0,45.0,9.9,0.0
2015-09-14,44668,16.586815318945707,14,Monday,9,2015-09-14,66.6,79.0,59.0,12.8,0.05
2015-05-06,30313,14.547862853121323,6,Wednesday,5,2015-05-06,65.3,81.0,59.0,6.4,0.0
2015-08-16,30344,19.528532274365073,16,Sunday,8,2015-08-16,82.8,91.9,73.9,4.9,0.0
2015-05-28,35934,13.981679838964029,28,Thursday,5,2015-05-28,73.4,84.0,66.9,7.0,0.02
2015-08-26,42832,14.303074803884943,26,Wednesday,8,2015-08-26,76.9,88.0,69.1,9.3,0.0
2015-06-29,38037,15.260375862099188,29,Monday,6,2015-06-29,71.3,78.1,62.1,10.1,0.26
2015-04-28,29795,14.786426134138845,28,Tuesday,4,2015-04-28,57.2,72.0,48.9,11.5,0.0
2015-09-01,43291,14.215529401800223,1,Tuesday,9,2015-09-01,82.6,91.9,75.9,6.3,0.0
2015-01-01,5317,13.363444298163126,1,Thursday,1,2015-01-01,31.2,39.0,27.0,11.5,0.0
2015-03-25,14670,11.680996364462622,25,Wednesday,3,2015-03-25,39.1,48.0,26.1,5.7,0.0
2015-01-10,6109,9.933761663119986,10,Saturday,1,2015-01-10,21.7,33.1,17.1,13.3,0.06
2015-02-11,11439,10.817006148556112,11,Wednesday,2,2015-02-11,28.4,39.0,21.9,9.3,0.0
2015-03-22,9676,12.476186785172937,22,Sunday,3,2015-03-22,39.9,48.0,28.9,13.8,0.01
2015-08-22,34277,19.970484095263096,22,Saturday,8,2015-08-22,76.6,86.0,70.0,6.8,0.0
2015-09-07,33682,19.942311917344576,7,Monday,9,2015-09-07,77.8,90.0,66.9,7.9,0.0
2015-10-14,49998,15.80713161859808,14,Wednesday,10,2015-10-14,64.5,73.0,59.0,9.2,0.0
2015-06-17,38030,14.446373038828996,17,Wednesday,6,2015-06-17,73.9,79.0,64.0,8.3,0.34
2015-06-15,25087,13.001108808014774,15,Monday,6,2015-06-15,70.3,79.0,62.6,9.0,0.79
2015-01-26,4141,11.085237060291393,26,Monday,1,2015-01-26,26.6,35.1,21.2,14.7,0.0
2015-12-02,23782,13.507134247189752,2,Wednesday,12,2015-12-02,48.1,55.4,46.0,5.1,0.24
2015-12-17,21961,14.37893462653492,17,Thursday,12,2015-12-17,53.4,59.0,48.0,6.5,0.05
2015-12-03,33917,13.151216204263353,3,Thursday,12,2015-12-03,51.4,57.2,46.9,11.5,0.1
2015-06-16,32147,13.381549859499588,16,Tuesday,6,2015-06-16,68.1,79.0,62.6,7.1,0.02
2016-09-30,21381,11.513554869588258,30,Friday,9,2016-09-30,62.1,66.9,60.1,21.8,0.0
2016-05-30,32619,19.59295758095997,30,Monday,5,2016-05-30,73.5,87.1,69.1,6.6,1.53
2016-03-04,17369,12.661628955802485,4,Friday,3,2016-03-04,33.7,42.1,27.0,10.0,0.04
2016-03-28,20345,14.658629474891455,28,Monday,3,2016-03-28,47.3,62.1,42.8,11.2,0.19
2016-09-11,52245,19.226808626024816,11,Sunday,9,2016-09-11,80.6,91.0,75.9,11.5,0.0
2016-09-29,55578,12.945873966917365,29,Thursday,9,2016-09-29,63.2,71.1,60.1,18.2,0.0
2016-07-25,35379,14.396699077607243,25,Monday,7,2016-07-25,84.3,93.9,75.9,8.2,0.02
2016-07-29,37703,15.57184220530638,29,Friday,7,2016-07-29,78.1,93.9,71.1,8.3,0.89
2016-03-27,22483,21.43104419635576,27,Sunday,3,2016-03-27,45.8,54.0,39.0,6.8,0.0
2016-04-11,32048,14.772181311366287,11,Monday,4,2016-04-11,50.2,61.0,33.1,11.7,0.0
2016-03-29,31481,14.373479770867082,29,Tuesday,3,2016-03-29,49.7,63.0,43.0,21.8,0.32
2016-01-22,20950,14.860442322991249,22,Friday,1,2016-01-22,27.3,37.9,21.9,10.5,0.0
2016-04-25,42308,17.729564542560905,25,Monday,4,2016-04-25,56.6,68.0,48.0,6.5,0.0
2016-09-15,67331,15.071359403543688,15,Thursday,9,2016-09-15,70.4,91.9,63.0,10.3,0.37
2016-08-27,45674,19.996362262994257,27,Saturday,8,2016-08-27,82.4,91.0,75.9,8.2,0.0
2016-01-03,15499,15.743290965008496,3,Sunday,1,2016-01-03,40.0,46.9,34.0,9.9,0.0
2016-07-21,54842,15.428570560276189,21,Thursday,7,2016-07-21,80.9,91.0,71.1,8.3,0.0
2016-09-08,61596,14.537538963569062,8,Thursday,9,2016-09-08,79.0,88.0,72.0,6.0,0.0
2016-05-16,42787,17.327288272917787,16,Monday,5,2016-05-16,52.8,68.0,44.1,16.9,0.0
2016-09-22,67810,14.72663569778302,22,Thursday,9,2016-09-22,76.8,86.0,70.0,5.8,0.0
2016-07-19,54593,15.406976474395377,19,Tuesday,7,2016-07-19,80.2,97.0,75.9,10.9,0.12
2016-04-10,23229,20.432587139638677,10,Sunday,4,2016-04-10,40.5,50.0,33.1,11.5,0.07
2016-02-27,17226,16.949139866093887,27,Saturday,2,2016-02-27,32.6,42.1,28.0,11.5,0.0
2016-05-11,51181,16.623003653699616,11,Wednesday,5,2016-05-11,63.0,73.9,51.1,5.4,0.0
2016-02-25,25102,12.41208203861578,25,Thursday,2,2016-02-25,52.7,61.0,36.0,17.1,1.48
2016-05-13,32391,16.22495446265938,13,Friday,5,2016-05-13,61.6,78.1,55.9,5.7,0.0
2016-04-30,38258,25.188611096589813,30,Saturday,4,2016-04-30,52.8,63.0,46.9,6.2,0.02
2016-03-23,40983,17.209375838762412,23,Wednesday,3,2016-03-23,57.4,71.1,50.0,9.1,0.0
2016-06-07,51812,15.050389549396533,7,Tuesday,6,2016-06-07,79.3,87.1,68.0,9.1,0.0
2016-04-17,38843,24.61598228767088,17,Sunday,4,2016-04-17,55.8,73.9,45.0,4.5,0.0
2016-06-18,48901,20.863376345405342,18,Saturday,6,2016-06-18,73.0,86.0,63.0,5.3,0.0
2016-06-22,55749,15.74638289476044,22,Wednesday,6,2016-06-22,77.9,89.1,66.9,8.8,0.0
2016-09-28,59464,13.58711657473429,28,Wednesday,9,2016-09-28,67.6,75.9,62.1,10.8,0.0
2016-07-14,50350,15.634059582919567,14,Thursday,7,2016-07-14,80.4,91.0,73.0,7.8,0.0
2016-02-03,16203,11.663013022279824,3,Wednesday,2,2016-02-03,48.1,57.0,37.9,9.0,0.0
2016-04-14,38505,16.651420594727956,14,Thursday,4,2016-04-14,49.9,61.0,42.1,6.5,0.0
2016-07-23,37523,18.09332764793148,23,Saturday,7,2016-07-23,89.5,99.0,75.9,11.0,0.0
2016-01-14,23780,13.019561956826466,14,Thursday,1,2016-01-14,28.7,39.0,24.1,11.0,0.0
2016-01-31,16118,16.035860528601564,31,Sunday,1,2016-01-31,42.4,55.9,30.0,6.8,0.0
2016-03-19,24048,18.363905522288757,19,Saturday,3,2016-03-19,43.5,57.0,37.0,7.0,0.0
2016-08-12,44750,16.519986964618248,12,Friday,8,2016-08-12,86.5,98.1,75.9,7.9,0.56
2016-08-24,58154,15.984386571287732,24,Wednesday,8,2016-08-24,78.6,89.1,66.9,6.4,0.0
2016-05-18,44803,16.13090008853574,18,Wednesday,5,2016-05-18,59.3,69.1,55.0,7.2,0.0
2016-01-08,28709,14.043273886237769,8,Friday,1,2016-01-08,40.3,48.0,32.0,7.0,0.0
2016-08-22,54404,15.145024569271866,22,Monday,8,2016-08-22,76.0,89.1,71.1,15.1,0.13
2016-07-01,39669,17.035908391943337,1,Friday,7,2016-07-01,76.9,87.1,70.0,8.4,0.0
2016-03-17,35390,16.212757370255254,17,Thursday,3,2016-03-17,52.2,64.9,45.0,7.6,0.02
2016-02-13,6625,13.904042767295596,13,Saturday,2,2016-02-13,21.6,27.0,10.9,17.0,0.0
2016-04-29,34878,18.54241260011087,29,Friday,4,2016-04-29,52.0,59.0,48.0,7.8,0.0
2016-06-26,42992,19.894191555017983,26,Sunday,6,2016-06-26,75.8,86.0,64.9,7.5,0.0
2016-01-07,27773,12.8975695819681,7,Thursday,1,2016-01-07,39.0,48.0,26.1,3.7,0.0
2016-04-16,36148,21.12567500276641,16,Saturday,4,2016-04-16,52.6,64.9,44.1,6.7,0.0
2016-07-24,39637,21.14364734969852,24,Sunday,7,2016-07-24,85.2,99.0,75.9,7.0,0.0
2016-04-24,37866,23.703855701684883,24,Sunday,4,2016-04-24,56.5,69.1,48.0,9.7,0.0
2017-12-23,9608,17.30497502081598,23,Saturday,12,2017-12-23,41.2,53.1,36.0,7.4,0.05
2017-04-27,52035,14.989963486115112,27,Thursday,4,2017-04-27,62.0,69.1,53.1,5.1,0.13
2017-05-25,17495,11.630573497189674,25,Thursday,5,2017-05-25,58.4,69.1,55.9,11.7,0.1
2017-06-06,41268,12.379238554489357,6,Tuesday,6,2017-06-06,58.0,66.9,55.0,11.5,0.02
2017-11-08,54211,14.70585459285631,8,Wednesday,11,2017-11-08,43.4,51.1,39.9,9.5,0.6
2017-12-05,41792,12.433630040837166,5,Tuesday,12,2017-12-05,53.8,60.1,39.9,11.4,0.0
2017-12-15,22944,11.740416521385404,15,Friday,12,2017-12-15,25.5,33.1,23.0,6.5,0.02
2017-09-16,61036,18.354687943727196,16,Saturday,9,2017-09-16,74.2,82.0,69.1,5.8,0.0
2017-06-20,64673,17.394913127064886,20,Tuesday,6,2017-06-20,76.9,87.1,70.0,11.0,1.23
2017-08-16,68436,17.916156457614886,16,Wednesday,8,2017-08-16,76.8,86.0,69.1,4.8,0.12
2017-07-18,66234,16.656136073114514,18,Tuesday,7,2017-07-18,80.5,88.0,75.0,7.9,0.0
2017-10-10,74118,15.892096161975948,10,Tuesday,10,2017-10-10,75.1,81.0,69.1,8.4,0.21
2017-11-01,60773,14.487495269280766,1,Wednesday,11,2017-11-01,51.4,57.9,46.9,7.8,0.0
2017-04-15,42531,19.468383061766716,15,Saturday,4,2017-04-15,57.2,66.0,50.0,8.4,0.0
2017-05-02,61207,17.97880797947947,2,Tuesday,5,2017-05-02,70.5,78.1,50.0,12.9,0.0
2017-04-18,53809,14.69761873788152,18,Tuesday,4,2017-04-18,59.2,73.0,51.1,10.2,0.0
2017-07-30,59342,19.02969734757844,30,Sunday,7,2017-07-30,72.9,82.0,66.0,7.0,0.0
2017-12-26,14113,11.752530763598577,26,Tuesday,12,2017-12-26,27.0,39.0,24.1,16.4,0.22
2017-05-03,59252,17.574413240621983,3,Wednesday,5,2017-05-03,64.3,78.1,61.0,14.1,0.0
2017-12-24,13216,13.150605326876514,24,Sunday,12,2017-12-24,40.3,53.1,37.0,10.1,0.49
2017-12-07,45367,12.206890471047238,7,Thursday,12,2017-12-07,42.7,59.0,39.9,13.2,0.0
2017-07-15,56499,18.995504640200128,15,Saturday,7,2017-07-15,73.7,86.0,64.9,6.9,0.47
2017-10-09,38391,15.025982218054576,9,Monday,10,2017-10-09,73.9,80.1,71.1,9.0,0.39
2017-05-29,26322,15.230585315198947,29,Monday,5,2017-05-29,59.1,71.1,55.9,9.5,0.13
2017-05-28,46727,24.94769119923528,28,Sunday,5,2017-05-28,64.5,72.0,57.9,6.8,0.0
2017-06-19,38310,16.131654920386318,19,Monday,6,2017-06-19,78.5,87.1,70.0,11.1,0.0
2017-07-28,63899,15.266647887030055,28,Friday,7,2017-07-28,76.9,84.0,66.9,5.8,0.0
2017-04-17,53247,15.313219524104646,17,Monday,4,2017-04-17,70.9,88.0,60.1,12.2,0.0
2017-12-02,38923,14.491770932353624,2,Saturday,12,2017-12-02,44.2,53.1,39.9,5.5,0.0
2017-07-07,44068,15.803184094278542,7,Friday,7,2017-07-07,72.4,82.0,68.0,8.4,0.01
2017-08-15,52461,15.563273034571717,15,Tuesday,8,2017-08-15,73.2,77.0,69.1,5.3,0.32
2017-08-11,63140,19.479002481258583,11,Friday,8,2017-08-11,75.9,86.0,71.1,7.7,0.0
2017-10-12,61248,21.156885667014976,12,Thursday,10,2017-10-12,62.7,78.1,59.0,14.4,0.07
2017-12-04,49630,12.86065921149842,4,Monday,12,2017-12-04,45.5,52.0,39.9,5.0,0.0
2017-06-15,64763,18.41413950352311,15,Thursday,6,2017-06-15,70.7,82.9,64.0,8.1,0.02
2017-08-02,56184,20.02627616403247,2,Wednesday,8,2017-08-02,79.6,91.0,69.1,6.1,0.0
2017-04-02,39780,23.5137967152673,2,Sunday,4,2017-04-02,50.6,63.0,39.0,9.7,0.01
2017-07-09,57118,20.39753813742312,9,Sunday,7,2017-07-09,76.3,87.1,70.0,8.5,0.0
2017-06-01,67403,15.789940111468832,1,Thursday,6,2017-06-01,69.4,82.0,57.9,6.9,0.05
2017-10-16,61730,13.429257519304496,16,Monday,10,2017-10-16,62.6,75.0,55.0,14.0,0.01
2017-06-23,55323,16.401218601064052,23,Friday,6,2017-06-23,81.2,87.1,68.0,9.3,0.0
2017-08-30,65329,16.343364100680144,30,Wednesday,8,2017-08-30,67.5,80.1,61.0,10.6,0.32
2017-07-17,62555,16.636904857059125,17,Monday,7,2017-07-17,80.1,87.1,71.1,7.2,0.0
2017-09-08,69574,15.893449181207542,8,Friday,9,2017-09-08,67.5,75.0,61.0,10.6,0.0
2017-06-13,60921,15.213903798908971,13,Tuesday,6,2017-06-13,89.7,100.9,75.9,8.5,0.0
2017-09-11,71917,16.34557267405481,11,Monday,9,2017-09-11,67.7,78.1,59.0,5.1,0.0
2017-12-03,33728,13.151542239879827,3,Sunday,12,2017-12-03,45.3,48.0,39.9,5.0,0.0
2017-05-24,60622,16.644185279271543,24,Wednesday,5,2017-05-24,62.8,70.0,57.0,7.4,0.03
2017-12-21,37592,11.657265286940488,21,Thursday,12,2017-12-21,37.2,53.1,34.0,9.2,0.0
2017-04-24,48692,14.031161860949092,24,Monday,4,2017-04-24,53.5,64.9,48.0,6.0,0.0
2017-08-03,66149,19.157882205324352,3,Thursday,8,2017-08-03,76.2,88.0,69.1,6.2,0.08
2017-08-06,56476,22.546589996930845,6,Sunday,8,2017-08-06,72.0,80.1,66.0,10.9,0.16
2017-10-26,64003,14.974387398507362,26,Thursday,10,2017-10-26,58.0,68.0,53.1,10.5,0.0
2017-05-19,62143,15.827023156268607,19,Friday,5,2017-05-19,87.9,97.0,80.1,11.0,0.0
2017-09-15,72297,17.247020392731823,15,Friday,9,2017-09-15,76.6,82.9,70.0,6.3,0.0
2017-05-08,51553,14.057762561506278,8,Monday,5,2017-05-08,53.4,62.1,48.0,12.5,0.0
2017-11-15,54230,12.714872764152684,15,Wednesday,11,2017-11-15,43.5,51.1,37.9,7.4,0.0
2017-10-01,55505,20.975704591177955,1,Sunday,10,2017-10-01,58.8,70.0,52.0,6.8,0.0
2017-06-22,66308,17.513423719611513,22,Thursday,6,2017-06-22,77.1,87.1,68.0,7.6,0.0
2017-10-18,70234,16.483878415961875,18,Wednesday,10,2017-10-18,60.0,73.9,45.0,6.2,0.0
2017-06-28,67752,19.71228303223521,28,Wednesday,6,2017-06-28,71.5,81.0,62.1,10.1,0.0
2017-06-25,54655,23.20370200957522,25,Sunday,6,2017-06-25,78.2,86.0,70.0,7.1,0.18
2018-01-12,22254,13.36127063299482,12,Friday,1,2018-01-12,47.9,60.1,35.1,9.4,0.01
2018-01-30,27996,10.918298447397252,30,Tuesday,1,2018-01-30,34.2,44.1,30.0,11.2,0.06
2018-04-04,36753,12.154555637181542,4,Wednesday,4,2018-04-04,45.9,57.0,39.0,9.3,0.28
2018-03-30,34787,13.862753806498596,30,Friday,3,2018-03-30,50.1,60.1,43.0,6.3,0.02
2018-03-07,8188,10.351335287412477,7,Wednesday,3,2018-03-07,36.6,41.0,33.8,14.7,0.1
2018-05-27,25814,23.9957884610418,27,Sunday,5,2018-05-27,68.8,91.9,59.0,11.2,0.12
2018-01-04,1922,17.32840790842872,4,Thursday,1,2018-01-04,26.1,30.0,17.1,17.0,0.02
2018-02-15,44193,12.132828351398038,15,Thursday,2,2018-02-15,51.0,61.0,36.0,6.8,0.13
2018-02-10,16324,15.006767132238831,10,Saturday,2,2018-02-10,42.0,51.1,28.0,5.5,0.0
2018-02-05,29068,12.037206435484611,5,Monday,2,2018-02-05,37.4,46.9,30.0,12.6,1.01
2018-05-13,25986,17.894076297493527,13,Sunday,5,2018-05-13,53.6,64.0,52.0,7.3,0.14
2018-05-12,34535,16.28217412287052,12,Saturday,5,2018-05-12,59.2,73.0,54.0,7.3,0.06
2018-04-19,38298,11.335561909238082,19,Thursday,4,2018-04-19,46.2,55.0,39.0,9.9,0.07
2018-04-29,44837,18.70150656823605,29,Sunday,4,2018-04-29,54.2,66.0,50.0,10.6,0.22
2018-05-28,49043,22.907766313915,28,Monday,5,2018-05-28,60.2,82.0,55.9,8.3,0.41
2018-03-25,25562,12.974195420285314,25,Sunday,3,2018-03-25,40.4,51.1,35.1,11.0,0.0
2018-04-07,33245,14.37738657442222,7,Saturday,4,2018-04-07,45.7,62.1,37.0,10.5,0.09
2018-04-20,47052,16.000119371475527,20,Friday,4,2018-04-20,43.2,50.0,37.9,16.3,0.08
2018-01-06,4295,29.80572370974001,6,Saturday,1,2018-01-06,11.8,19.9,8.1,19.8,0.0
2018-01-14,12399,23.557887732881667,14,Sunday,1,2018-01-14,20.0,25.0,16.0,13.8,0.11
2018-03-14,35377,11.430208421667562,14,Wednesday,3,2018-03-14,36.7,42.1,32.0,16.3,0.05
2018-01-22,36865,20.773647090736475,22,Monday,1,2018-01-22,42.1,52.0,37.9,7.1,0.0
2018-04-05,39814,13.378084760804407,5,Thursday,4,2018-04-05,41.6,57.0,35.1,18.2,0.11
2018-01-03,24299,11.210897567801144,3,Wednesday,1,2018-01-03,22.6,30.0,14.0,7.5,0.0
2018-05-04,71199,17.76182647696363,4,Friday,5,2018-05-04,75.8,93.0,68.0,5.5,0.01
2018-01-31,31276,11.032208402609031,31,Wednesday,1,2018-01-31,26.2,37.0,19.0,13.0,0.0
2018-05-21,71220,22.679741645605173,21,Monday,5,2018-05-21,68.9,84.0,55.0,7.6,0.0
2018-02-13,35189,11.132938797161993,13,Tuesday,2,2018-02-13,33.0,41.0,27.0,9.9,0.0
2018-05-01,72035,17.44585085953587,1,Tuesday,5,2018-05-01,60.3,82.0,44.1,7.8,0.0
2018-04-14,62597,22.908648178027697,14,Saturday,4,2018-04-14,61.6,82.0,51.1,9.4,0.0
2018-03-15,39574,21.854904314280425,15,Thursday,3,2018-03-15,38.6,48.0,32.0,15.0,0.0
2018-04-09,40509,11.925599249549489,9,Monday,4,2018-04-09,38.7,48.9,33.1,10.6,0.0
2018-01-18,27662,11.015991251536407,18,Thursday,1,2018-01-18,26.0,36.0,19.9,12.4,0.12
2018-05-06,48993,17.533699031834477,6,Sunday,5,2018-05-06,62.6,75.9,57.0,7.6,0.0
2018-03-12,36340,13.3560897083104,12,Monday,3,2018-03-12,38.2,46.0,33.1,10.5,0.0
2018-04-24,58527,14.893794601921623,24,Tuesday,4,2018-04-24,54.8,66.0,45.0,7.9,0.0
2016-05-02,38537,17.37560569495982,2,Monday,5,2016-05-02,50.6,61.0,44.6,6.1,0.15
2016-03-21,26414,13.60851253123344,21,Monday,3,2016-03-21,39.6,50.0,33.1,10.4,0.14
2016-06-05,22397,17.38387432840708,5,Sunday,6,2016-06-05,69.3,82.9,66.0,7.5,0.27
2016-02-09,22741,13.106703750934434,9,Tuesday,2,2016-02-09,30.2,41.0,27.0,8.3,0.06
2016-06-29,54882,14.842684304507856,29,Wednesday,6,2016-06-29,75.7,87.1,70.0,5.5,0.07
2016-02-04,27766,15.73333213282432,4,Thursday,2,2016-02-04,54.0,57.9,42.1,8.2,0.69
2016-07-02,35837,20.688649533536104,2,Saturday,7,2016-07-02,72.9,81.0,68.0,11.5,0.28
2016-07-09,38142,17.58379695174174,9,Saturday,7,2016-07-09,70.3,86.0,66.0,9.0,0.01
2016-08-01,49401,15.41438871008009,1,Monday,8,2016-08-01,74.2,82.9,71.1,10.4,0.57
2016-03-06,18832,16.34574217643727,6,Sunday,3,2016-03-06,37.8,46.9,30.0,4.5,0.0
2016-01-20,23420,12.554346712211784,20,Wednesday,1,2016-01-20,32.1,37.9,18.0,13.0,0.0
2016-06-08,42250,13.552358185404335,8,Wednesday,6,2016-06-08,64.9,87.1,55.0,13.0,0.01
2016-05-23,48578,15.865359147487892,23,Monday,5,2016-05-23,65.0,77.0,54.0,6.0,0.11
2016-08-17,53989,15.480586786197188,17,Wednesday,8,2016-08-17,82.8,91.0,78.1,11.7,0.13
2016-05-17,43396,15.650359480136412,17,Tuesday,5,2016-05-17,62.3,68.0,44.1,9.2,0.0
2016-08-16,50426,14.790182643874187,16,Tuesday,8,2016-08-16,84.9,93.0,78.1,9.0,0.0
2016-06-16,46198,14.32881690405068,16,Thursday,6,2016-06-16,73.3,87.1,66.0,4.4,0.12
2016-02-02,28528,14.370903439895308,2,Tuesday,2,2016-02-02,45.5,59.0,37.9,5.0,0.0
2016-01-30,12973,15.286832909375882,30,Saturday,1,2016-01-30,34.0,42.1,30.0,10.4,0.0
2016-06-10,53299,16.033148214162864,10,Friday,6,2016-06-10,67.9,78.1,55.9,12.0,0.0
2016-05-09,45724,17.34708942058145,9,Monday,5,2016-05-09,62.9,73.9,48.9,9.9,0.08
2016-03-14,10930,12.241709362610548,14,Monday,3,2016-03-14,47.6,64.0,41.0,12.0,0.02
2016-05-20,52543,18.39868139745858,20,Friday,5,2016-05-20,64.4,78.1,55.9,5.7,0.0
2016-04-06,29365,15.281174300471084,6,Wednesday,4,2016-04-06,39.0,48.0,27.0,9.9,0.0
2016-03-18,34647,15.460024917982311,18,Friday,3,2016-03-18,53.0,64.0,45.0,13.3,0.04
2016-01-05,18053,11.37125131557082,5,Tuesday,1,2016-01-05,19.5,37.9,12.9,13.8,0.0
2016-06-21,53564,14.265951323027904,21,Tuesday,6,2016-06-21,80.8,89.1,66.0,10.0,0.0
2016-01-02,14587,17.119549370444002,2,Saturday,1,2016-01-02,37.3,43.0,34.0,11.9,0.0
2016-03-16,36067,16.4251014315949,16,Wednesday,3,2016-03-16,53.5,64.9,44.1,3.2,0.0
2016-07-05,43744,14.842111299073398,5,Tuesday,7,2016-07-05,76.0,89.1,69.1,6.3,1.08
2016-04-01,34449,17.70399285900897,1,Friday,4,2016-04-01,62.6,79.0,48.9,9.1,0.0
2016-08-06,44213,19.816802750322303,6,Saturday,8,2016-08-06,80.8,91.0,72.0,8.8,0.0
2016-06-03,38975,15.665131922172332,3,Friday,6,2016-06-03,66.3,73.9,62.1,6.3,0.0
2016-06-25,43000,20.470972868217057,25,Saturday,6,2016-06-25,73.3,84.9,64.9,8.0,0.0
2016-06-20,52247,15.858149431227314,20,Monday,6,2016-06-20,73.4,84.0,66.0,6.9,0.0
2016-05-06,18860,14.94222781901732,6,Friday,5,2016-05-06,52.2,57.9,46.9,13.0,0.38
2016-02-10,22420,13.478496134403809,10,Wednesday,2,2016-02-10,35.4,39.9,27.0,7.6,0.01
2016-08-02,56764,14.98637223122636,2,Tuesday,8,2016-08-02,74.2,80.1,71.1,10.5,0.0
2016-08-04,56604,16.344651143617646,4,Thursday,8,2016-08-04,75.6,84.0,68.0,5.9,0.0
2016-08-25,53487,16.07905721639526,25,Thursday,8,2016-08-25,78.6,89.1,71.1,10.6,0.0
2016-04-18,43994,17.21090035004773,18,Monday,4,2016-04-18,62.5,80.1,48.0,4.4,0.0
2016-06-04,40977,21.640899773043415,4,Saturday,6,2016-06-04,72.8,82.9,63.0,5.5,0.02
2016-09-26,61386,14.318692644359736,26,Monday,9,2016-09-26,65.6,73.0,57.0,7.2,0.0
2016-09-18,51686,17.322673128764716,18,Sunday,9,2016-09-18,76.3,84.9,64.0,8.8,0.0
2016-05-21,30519,19.70429896130279,21,Saturday,5,2016-05-21,62.4,78.1,57.0,6.3,0.0
2016-01-06,24569,13.925138724951497,6,Wednesday,1,2016-01-06,32.2,43.0,12.9,4.2,0.0
2016-04-21,45570,15.988536317752908,21,Thursday,4,2016-04-21,58.8,70.0,50.0,8.2,0.0
2016-06-30,54843,14.294404026037965,30,Thursday,6,2016-06-30,77.6,87.1,70.0,6.9,0.0
2016-06-14,54813,15.484833889770671,14,Tuesday,6,2016-06-14,69.0,81.0,59.0,11.2,0.0
2016-03-09,41490,18.32860287619507,9,Wednesday,3,2016-03-09,54.0,75.0,41.0,5.3,0.0
2016-08-30,57405,15.320482246029671,30,Tuesday,8,2016-08-30,79.0,91.0,72.0,9.0,0.0
2016-03-10,42252,17.65269888604879,10,Thursday,3,2016-03-10,70.0,78.1,64.0,6.7,0.0
2016-03-22,33497,15.566450726930777,22,Tuesday,3,2016-03-22,43.8,55.0,37.0,13.6,0.07
2014-02-13,876,81.11008371385083,13,Thursday,2,2014-02-13,28.7,36.0,14.0,15.8,0.18
2014-12-17,20346,11.689852223205218,17,Wednesday,12,2014-12-17,46.5,53.1,36.0,8.6,0.19
2014-11-17,8116,12.371365204534252,17,Monday,11,2014-11-17,43.6,53.1,35.1,5.8,0.51
2014-05-01,26762,14.309317315596738,1,Thursday,5,2014-05-01,59.3,77.0,42.1,7.9,4.88
2014-03-20,19695,11.966702208682408,20,Thursday,3,2014-03-20,45.3,53.1,30.9,11.4,0.99
2014-06-05,24619,13.55049216729626,5,Thursday,6,2014-06-05,67.0,81.0,62.1,7.9,0.4
2014-07-14,25825,12.618090351726368,14,Monday,7,2014-07-14,77.2,84.9,71.1,6.3,0.41
2014-10-24,29837,13.53877959133514,24,Friday,10,2014-10-24,54.7,62.1,51.1,11.2,0.23
2014-09-16,25633,13.024798762012503,16,Tuesday,9,2014-09-16,63.9,73.0,55.0,5.6,0.01
2014-04-07,14677,11.323832072857757,7,Monday,4,2014-04-07,46.1,59.0,37.0,6.9,0.0
2014-03-31,17085,11.829745390693596,31,Monday,3,2014-03-31,42.1,53.1,35.6,15.2,0.29
2014-10-30,31133,13.208668722363196,30,Thursday,10,2014-10-30,54.0,72.0,50.0,8.4,0.0
2014-07-19,29291,16.618232562903284,19,Saturday,7,2014-07-19,73.1,82.0,68.0,6.0,0.0
2014-05-31,27734,16.663981635056853,31,Saturday,5,2014-05-31,64.0,75.9,55.9,10.6,0.03
2014-08-09,31636,18.43770335482783,9,Saturday,8,2014-08-09,77.5,87.1,66.0,4.0,0.0
2014-01-20,13407,13.103310459710103,20,Monday,1,2014-01-20,39.6,46.0,25.0,11.1,0.0
2014-05-23,24484,12.904456651963184,23,Friday,5,2014-05-23,60.3,68.0,57.0,6.0,0.01
2014-08-13,27977,13.221852474056073,13,Wednesday,8,2014-08-13,73.4,86.0,68.0,13.5,0.77
2014-01-17,20301,12.211397632300542,17,Friday,1,2014-01-17,38.3,46.0,33.1,5.5,0.0
2014-09-09,34518,13.617086737354423,9,Tuesday,9,2014-09-09,68.1,77.0,64.0,12.5,0.0
2014-11-16,13272,13.046382107695395,16,Sunday,11,2014-11-16,39.4,44.1,34.0,5.4,0.0
2014-02-27,12036,10.512638473468485,27,Thursday,2,2014-02-27,24.7,33.1,19.0,9.6,0.01
2014-06-08,30162,18.067772362575415,8,Sunday,6,2014-06-08,76.4,84.9,63.0,5.5,0.0
2014-08-28,33927,13.819915799608962,28,Thursday,8,2014-08-28,76.5,89.1,70.0,8.9,0.0
2014-09-26,35116,14.915348179367433,26,Friday,9,2014-09-26,66.4,77.0,57.9,7.0,0.15
2014-02-01,12771,13.671289118575942,1,Saturday,2,2014-02-01,38.2,44.1,26.1,3.2,0.0
2014-10-29,29999,12.749371645721522,29,Wednesday,10,2014-10-29,64.2,72.0,53.1,7.1,0.0
2014-03-10,17231,11.22329328922678,10,Monday,3,2014-03-10,41.9,51.1,35.1,8.7,0.0
2014-09-14,28688,17.444886944599357,14,Sunday,9,2014-09-14,62.1,71.1,55.0,7.4,0.19
2014-12-03,13472,14.234154790182108,3,Wednesday,12,2014-12-03,43.5,46.9,35.1,8.3,0.12
2014-03-30,7907,12.754502339698998,30,Sunday,3,2014-03-30,44.1,55.0,41.0,12.4,1.97
2014-12-23,9422,11.695476898040052,23,Tuesday,12,2014-12-23,44.1,46.4,42.8,9.9,0.17
2014-10-02,34492,14.133840697359778,2,Thursday,10,2014-10-02,63.3,68.0,60.1,9.1,0.0
2014-08-31,18053,17.04667922228992,31,Sunday,8,2014-08-31,77.4,91.9,66.9,9.4,0.0
2014-03-03,7708,11.45696462549732,3,Monday,3,2014-03-03,25.9,39.0,19.9,10.6,0.01
2014-04-13,26871,18.37864426333222,13,Sunday,4,2014-04-13,59.8,73.9,48.9,8.2,0.0
2014-12-22,13560,12.202332841691248,22,Monday,12,2014-12-22,37.9,43.0,32.0,7.1,0.0
2014-04-27,21926,15.819971723068504,27,Sunday,4,2014-04-27,51.3,64.0,45.0,10.8,0.06
2014-10-28,32956,12.99441072945746,28,Tuesday,10,2014-10-28,60.4,72.0,51.1,6.1,0.0
2014-08-05,34392,13.747544002481195,5,Tuesday,8,2014-08-05,79.7,89.1,71.1,4.4,0.0
2014-04-12,27108,17.636654001278835,12,Saturday,4,2014-04-12,58.8,73.9,48.9,6.6,0.0
2014-11-09,18207,15.170109481701177,9,Sunday,11,2014-11-09,49.9,57.0,37.9,6.2,0.0
2014-08-25,32892,13.790671997243503,25,Monday,8,2014-08-25,75.4,86.0,64.9,4.4,0.0
2014-06-16,34932,14.26837665559754,16,Monday,6,2014-06-16,72.0,81.0,61.0,5.3,0.0
2014-07-30,37377,13.55684913181904,30,Wednesday,7,2014-07-30,72.5,82.9,64.9,6.5,0.0
2014-10-10,30887,14.82013954090718,10,Friday,10,2014-10-10,60.3,69.1,54.0,6.5,0.0
2014-08-16,32017,18.710583440047472,16,Saturday,8,2014-08-16,71.7,79.0,63.0,7.1,0.0
2014-11-30,12384,14.758551356589148,30,Sunday,11,2014-11-30,46.5,53.1,28.9,7.7,0.0
2014-07-23,34173,13.109473365912663,23,Wednesday,7,2014-07-23,80.2,89.1,72.0,9.9,0.0
2014-08-15,32480,13.884582820197044,15,Friday,8,2014-08-15,69.6,79.0,63.0,9.2,0.0
2014-04-18,20770,12.430917188252288,18,Friday,4,2014-04-18,39.9,46.9,35.1,7.1,0.0
2014-08-11,33664,13.774130129119134,11,Monday,8,2014-08-11,79.7,87.1,71.1,5.9,0.0
2014-03-25,16037,10.424924653405665,25,Tuesday,3,2014-03-25,31.6,37.9,21.9,7.5,0.0
2014-10-20,27914,17.183799646533398,20,Monday,10,2014-10-20,49.8,61.0,44.1,8.4,0.0
2014-10-09,32203,13.678046558809218,9,Thursday,10,2014-10-09,64.2,73.0,57.9,12.6,0.03
2014-08-14,35154,14.364689651248792,14,Thursday,8,2014-08-14,72.0,86.0,64.0,11.6,0.15
2014-03-02,8195,11.216150091519216,2,Sunday,3,2014-03-02,36.6,39.0,21.0,6.0,0.0
2014-10-26,20768,15.54812772855675,26,Sunday,10,2014-10-26,59.6,68.0,52.0,13.3,0.0
2014-12-01,18519,12.885524776355812,1,Monday,12,2014-12-01,55.4,64.0,44.1,7.6,0.0
2014-06-22,29417,16.58275656933066,22,Sunday,6,2014-06-22,70.1,77.0,64.0,6.4,0.0
2014-08-17,27417,16.75062856378646,17,Sunday,8,2014-08-17,74.7,82.9,66.0,7.7,0.0
2014-02-02,13816,13.738225004825324,2,Sunday,2,2014-02-02,40.3,55.0,30.0,3.3,0.0
2014-01-12,12515,12.069734984685043,12,Sunday,1,2014-01-12,47.6,55.9,34.0,13.6,0.45
2014-08-30,22689,17.23349126595854,30,Saturday,8,2014-08-30,71.7,79.0,64.0,6.7,0.0
2014-08-23,26429,16.310513703381393,23,Saturday,8,2014-08-23,70.1,75.9,66.9,8.2,0.04
2014-05-26,26930,19.528184800099027,26,Monday,5,2014-05-26,75.2,87.1,55.9,7.2,0.0
2014-08-29,31264,14.231134318491984,29,Friday,8,2014-08-29,70.3,80.1,64.0,8.0,0.0
2014-01-24,6176,13.03434801381692,24,Friday,1,2014-01-24,15.7,21.0,8.1,12.8,0.0
2014-09-23,36347,14.3183724470612,23,Tuesday,9,2014-09-23,60.9,73.0,54.0,7.0,0.0
2014-05-06,32233,14.299347459642805,6,Tuesday,5,2014-05-06,59.2,68.0,50.0,8.6,0.0
2014-08-10,26749,17.214753199496556,10,Sunday,8,2014-08-10,78.9,87.1,70.0,4.8,0.0
2014-03-18,16679,11.345885045066646,18,Tuesday,3,2014-03-18,32.1,41.0,23.0,9.4,0.0
2014-08-19,35367,13.925657156859971,19,Tuesday,8,2014-08-19,72.5,81.0,64.0,6.9,0.0
2014-12-02,15367,11.43398950131234,2,Tuesday,12,2014-12-02,39.7,46.0,35.1,12.3,0.05
2014-09-07,29721,17.488032591994433,7,Sunday,9,2014-09-07,73.1,91.0,66.0,8.2,0.21
2014-05-03,25501,18.089191273544824,3,Saturday,5,2014-05-03,61.7,69.1,54.0,7.2,0.0
2014-06-27,35823,14.686583572937312,27,Friday,6,2014-06-27,74.5,86.0,68.0,7.5,0.0
2017-12-31,6569,13.172436190186229,31,Sunday,12,2017-12-31,22.0,23.0,19.9,13.6,0.48
2017-12-30,5956,12.390043653458696,30,Saturday,12,2017-12-30,20.0,23.0,18.0,7.8,0.0
2017-04-06,18020,16.070371809101005,6,Thursday,4,2017-04-06,46.0,53.1,42.8,12.1,0.02
2017-09-17,59967,18.680991767694454,17,Sunday,9,2017-09-17,72.8,81.0,69.1,5.1,0.0
2017-09-14,72071,14.61505737397844,14,Thursday,9,2017-09-14,75.1,84.0,66.9,7.0,0.02
2017-07-14,31851,16.518075308990824,14,Friday,7,2017-07-14,69.8,93.9,64.9,8.4,0.01
2017-04-25,20332,11.59342579841301,25,Tuesday,4,2017-04-25,52.8,59.0,48.0,16.3,0.07
2017-04-01,23849,18.60382825275693,1,Saturday,4,2017-04-01,42.2,48.0,39.0,17.2,1.78
2017-06-07,64453,15.883515119544477,7,Wednesday,6,2017-06-07,58.6,70.0,52.0,8.0,0.03
2017-12-25,6479,16.74848742089829,25,Monday,12,2017-12-25,36.3,41.0,32.0,15.8,0.23
2017-07-11,61671,15.852646841032792,11,Tuesday,7,2017-07-11,80.5,89.1,72.0,8.5,0.0
2017-11-13,38753,12.488074901728035,13,Monday,11,2017-11-13,45.4,50.0,34.0,6.2,0.0
2017-05-20,47859,18.14507720595917,20,Saturday,5,2017-05-20,67.3,96.1,61.0,10.9,0.01
2017-12-22,34341,14.51135911398426,22,Friday,12,2017-12-22,40.1,51.1,34.0,6.3,0.0
2017-08-01,66677,17.666347716104006,1,Tuesday,8,2017-08-01,81.3,91.0,70.0,5.1,0.0
2017-05-31,59495,15.222119785976416,31,Wednesday,5,2017-05-31,63.1,78.1,55.0,6.6,0.08
2017-12-14,27495,13.3030090319452,14,Thursday,12,2017-12-14,28.3,33.1,21.9,11.2,0.05
2017-04-19,45787,12.659509613354595,19,Wednesday,4,2017-04-19,50.0,64.9,46.0,11.0,0.0
2017-12-12,42620,12.225013295792271,12,Tuesday,12,2017-12-12,44.5,51.8,39.0,9.6,0.0
2017-11-10,38432,13.714919858451298,10,Friday,11,2017-11-10,44.4,55.9,30.9,15.2,0.0
2017-11-07,36362,14.37574299176796,7,Tuesday,11,2017-11-07,48.0,66.0,42.1,10.3,0.0
2017-07-20,59663,15.186770136712315,20,Thursday,7,2017-07-20,87.2,98.1,77.0,5.0,0.0
2017-08-29,35152,14.879735150204825,29,Tuesday,8,2017-08-29,66.5,75.0,64.0,11.6,0.0
2017-10-14,58777,22.40201382626992,14,Saturday,10,2017-10-14,65.7,73.0,53.1,6.6,0.03
2017-11-14,52279,13.640246561716946,14,Tuesday,11,2017-11-14,43.0,50.0,39.0,8.3,0.05
2017-04-20,44264,19.711147885414785,20,Thursday,4,2017-04-20,54.4,66.0,46.0,6.7,0.19
2017-07-01,36737,23.08391131556741,1,Saturday,7,2017-07-01,79.0,89.1,73.9,9.4,0.0
2017-09-19,57910,13.970031658320382,19,Tuesday,9,2017-09-19,72.3,78.1,68.0,13.7,0.0
2017-12-08,41330,11.662685700459711,8,Friday,12,2017-12-08,39.1,46.0,36.0,8.7,0.0
2017-06-02,66907,16.272086378605128,2,Friday,6,2017-06-02,70.6,82.0,60.1,8.8,0.0
2017-08-04,56394,18.53645541487866,4,Friday,8,2017-08-04,78.1,87.1,70.0,10.0,0.1
2017-11-23,13705,17.55115043171592,23,Thursday,11,2017-11-23,38.7,55.0,34.0,10.9,0.16
2017-07-22,48011,18.969343830927627,22,Saturday,7,2017-07-22,85.3,93.9,77.0,7.5,0.0
2017-05-17,65794,17.138806476781056,17,Wednesday,5,2017-05-17,79.2,93.9,59.0,6.8,0.0
2017-11-29,55295,13.357888898936013,29,Wednesday,11,2017-11-29,54.4,64.0,37.0,10.4,0.0
2017-12-17,22403,11.635068220030051,17,Sunday,12,2017-12-17,35.7,39.9,25.0,5.9,0.0
2017-06-26,62669,20.131003366895907,26,Monday,6,2017-06-26,74.0,84.0,66.9,9.0,0.0
2017-06-03,56264,19.4032975496469,3,Saturday,6,2017-06-03,66.1,79.0,59.0,9.2,0.0
2017-07-08,55015,20.278051137568536,8,Saturday,7,2017-07-08,78.5,87.1,68.0,7.5,2.13
2017-10-03,69105,15.44473627089212,3,Tuesday,10,2017-10-03,64.0,73.9,55.9,5.2,0.0
2017-09-24,57458,18.536830380451818,24,Sunday,9,2017-09-24,79.5,91.0,70.0,3.5,0.0
2017-11-12,32471,14.865645755699957,12,Sunday,11,2017-11-12,39.5,46.9,26.1,4.3,0.0
2017-04-14,52232,19.17545821207943,14,Friday,4,2017-04-14,57.2,66.0,50.0,7.1,0.0
2017-09-30,50153,15.510478602144104,30,Saturday,9,2017-09-30,62.1,70.0,55.9,9.4,0.0
2017-05-21,54874,21.24599476376183,21,Sunday,5,2017-05-21,62.4,71.1,57.0,7.9,0.0
2017-11-19,31598,15.503607823279957,19,Sunday,11,2017-11-19,53.5,60.1,36.0,15.7,0.33
2017-04-09,43896,23.29974523115242,9,Sunday,4,2017-04-09,54.4,68.0,42.1,8.8,0.0
2017-11-09,58417,15.011814768531988,9,Thursday,11,2017-11-09,47.6,55.9,39.9,6.5,0.0
2017-06-11,51427,20.40684011641096,11,Sunday,6,2017-06-11,83.7,93.9,66.9,9.0,0.0
2015-12-31,20376,16.815838895432535,31,Thursday,12,2015-12-31,47.0,48.2,46.0,5.7,0.17
2015-12-14,32518,13.526458166758925,14,Monday,12,2015-12-14,53.7,62.1,51.1,5.6,0.0
2015-06-19,37380,14.67334091314428,19,Friday,6,2015-06-19,73.2,84.9,64.9,6.0,0.0
2015-02-15,2581,9.49764303241638,15,Sunday,2,2015-02-15,20.5,32.0,10.9,19.7,0.01
2015-09-30,39445,14.548676215827948,30,Wednesday,9,2015-09-30,73.2,82.9,66.0,10.6,1.05
2015-02-22,4274,11.950760411792231,22,Sunday,2,2015-02-22,34.1,42.1,14.0,3.7,0.71
2015-05-12,35225,15.161436006624088,12,Tuesday,5,2015-05-12,74.9,87.1,64.0,9.1,0.0
2015-04-03,14774,13.698973421776994,3,Friday,4,2015-04-03,59.2,63.0,39.0,9.5,0.0
2015-06-08,33585,14.490926008634808,8,Monday,6,2015-06-08,67.5,77.0,57.0,11.6,0.0
2015-02-24,7402,10.747858686841392,24,Tuesday,2,2015-02-24,12.4,37.9,6.1,9.9,0.0
2015-07-25,31639,20.197454091469393,25,Saturday,7,2015-07-25,78.1,84.9,71.1,6.3,0.0
2015-02-28,6318,10.824021314762057,28,Saturday,2,2015-02-28,22.1,30.0,15.1,7.2,0.0
2015-06-10,39350,15.831412960609915,10,Wednesday,6,2015-06-10,74.2,84.9,66.0,8.2,0.01
2015-01-24,4814,10.50505816368924,24,Saturday,1,2015-01-24,35.1,39.9,28.0,8.3,0.66
2015-03-21,9338,13.598843435425144,21,Saturday,3,2015-03-21,34.9,46.9,28.9,7.1,0.29
2015-01-28,5401,14.17428562611862,28,Wednesday,1,2015-01-28,23.5,34.0,17.1,11.7,0.01
2015-04-24,20981,14.680193985034084,24,Friday,4,2015-04-24,43.4,50.0,39.0,16.1,0.0
2015-11-18,41485,13.985746655417625,18,Wednesday,11,2015-11-18,50.5,59.0,41.0,7.3,0.0
2015-12-12,31957,20.00469954417916,12,Saturday,12,2015-12-12,59.0,66.0,48.9,3.6,0.0
2015-03-30,18075,12.113396957123095,30,Monday,3,2015-03-30,42.2,55.0,27.0,10.8,0.0
2015-10-23,44679,17.50610503070048,23,Friday,10,2015-10-23,60.0,75.9,52.0,11.0,0.0
2015-06-01,15283,10.937380313638254,1,Monday,6,2015-06-01,57.4,86.0,54.0,13.8,1.69
2015-03-27,14107,11.577435552089977,27,Friday,3,2015-03-27,44.9,57.0,37.9,7.7,0.52
2015-05-10,26573,20.346503970195307,10,Sunday,5,2015-05-10,66.3,82.0,53.1,6.0,0.01
2015-02-14,4614,10.430779511631265,14,Saturday,2,2015-02-14,22.9,32.0,9.0,7.1,0.0
2015-05-08,34304,16.277496793376866,8,Friday,5,2015-05-08,64.2,79.0,52.0,6.3,0.0
2015-11-22,23343,16.721426837453055,22,Sunday,11,2015-11-22,52.1,55.9,43.0,7.9,0.0
2015-05-13,33402,15.454865477117137,13,Wednesday,5,2015-05-13,65.1,87.1,57.9,15.3,0.0
2015-08-07,40999,15.606476580729614,7,Friday,8,2015-08-07,75.8,82.0,69.1,8.3,0.0
2015-01-23,15737,10.659342102476122,23,Friday,1,2015-01-23,32.4,39.0,28.0,9.9,0.0
2015-10-26,42165,15.205814854342073,26,Monday,10,2015-10-26,53.0,68.0,48.0,8.4,0.02
2015-08-01,35179,19.966555331305607,1,Saturday,8,2015-08-01,83.7,91.0,73.9,7.8,0.0
2015-02-26,9901,11.25846547486786,26,Thursday,2,2015-02-26,26.9,37.9,21.0,9.3,0.0
2015-10-13,49047,16.981473212768705,13,Tuesday,10,2015-10-13,66.1,75.9,55.9,6.8,0.0
2015-01-15,14075,10.556677323860272,15,Thursday,1,2015-01-15,29.5,34.0,17.1,7.6,0.0
2015-09-27,38285,20.84113403857037,27,Sunday,9,2015-09-27,62.2,70.0,55.9,9.1,0.0
2015-03-15,8838,12.096647054386365,15,Sunday,3,2015-03-15,44.1,51.1,37.0,14.0,0.81
2015-06-26,38614,15.524874397886776,26,Friday,6,2015-06-26,74.8,84.9,69.1,7.7,0.0
2015-06-24,41070,15.155445580715853,24,Wednesday,6,2015-06-24,77.1,91.9,69.1,10.1,0.07
2015-10-08,50179,18.025071244943103,8,Thursday,10,2015-10-08,64.2,73.0,59.0,5.9,0.0
2015-12-08,35614,13.692017184253384,8,Tuesday,12,2015-12-08,45.3,55.0,41.0,6.5,0.0
2015-12-10,39099,14.727249631277868,10,Thursday,12,2015-12-10,55.0,61.0,39.0,6.0,0.0
2015-04-05,13799,18.106378481532474,5,Sunday,4,2015-04-05,50.1,62.1,43.0,11.2,0.0
2015-08-13,42170,17.915154928464155,13,Thursday,8,2015-08-13,75.7,84.9,69.1,7.6,0.0
2015-07-14,35802,14.039480103532394,14,Tuesday,7,2015-07-14,76.1,84.9,71.1,6.8,0.0
2015-12-06,24943,19.680364564540486,6,Sunday,12,2015-12-06,47.1,53.1,39.9,3.6,0.0
2015-10-21,49121,16.535452589863127,21,Wednesday,10,2015-10-21,65.5,75.9,48.9,5.9,0.0
2015-02-03,4754,12.787074042911232,3,Tuesday,2,2015-02-03,19.3,33.1,14.0,13.4,0.26
2015-04-13,24925,15.158399197592775,13,Monday,4,2015-04-13,55.6,64.9,44.1,8.0,0.0
2015-05-01,27924,14.358900348565156,1,Friday,5,2015-05-01,52.6,64.0,46.9,7.6,0.0
2015-07-24,40330,15.0980465327713,24,Friday,7,2015-07-24,78.2,84.9,71.1,5.4,0.0
2015-04-02,24227,20.76717505262724,2,Thursday,4,2015-04-02,49.9,63.0,34.0,8.4,0.0
2015-06-09,35412,13.748893501261344,9,Tuesday,6,2015-06-09,73.3,84.9,62.1,10.1,0.05
2015-07-27,38747,15.524270696225944,27,Monday,7,2015-07-27,79.9,89.1,75.0,8.6,0.05
2015-03-13,16145,12.060395375245172,13,Friday,3,2015-03-13,37.1,46.9,30.9,8.4,0.0
2015-02-25,10751,10.857537283353484,25,Wednesday,2,2015-02-25,27.7,37.9,6.1,8.7,0.0
2015-11-24,32218,13.300495582179735,24,Tuesday,11,2015-11-24,39.2,46.9,33.1,7.2,0.0
2015-05-22,31891,15.433476529428363,22,Friday,5,2015-05-22,61.8,75.0,53.1,9.9,0.0
2015-03-24,16166,11.326275310322076,24,Tuesday,3,2015-03-24,33.6,44.1,24.1,7.4,0.0
2015-10-22,49604,17.312967368222996,22,Thursday,10,2015-10-22,65.0,75.9,57.0,7.2,0.0
2015-10-12,45584,18.562714256464268,12,Monday,10,2015-10-12,64.5,75.9,53.1,6.4,0.0
2015-10-27,44553,14.859671252964636,27,Tuesday,10,2015-10-27,52.2,59.0,46.0,6.0,0.0
2015-11-15,25990,18.136986020264207,15,Sunday,11,2015-11-15,47.4,59.0,42.1,8.5,0.0
2015-08-27,43173,14.39479342799126,27,Thursday,8,2015-08-27,74.2,82.9,68.0,9.0,0.0
2015-08-12,42994,18.27514149261136,12,Wednesday,8,2015-08-12,77.3,84.9,71.1,9.4,0.51
2015-07-13,38485,15.629013035381751,13,Monday,7,2015-07-13,80.4,89.1,73.0,6.9,0.0
2015-02-16,3998,9.9301775887944,16,Monday,2,2015-02-16,10.2,26.1,3.9,15.4,0.0
2015-03-07,5590,14.794570661896245,7,Saturday,3,2015-03-07,26.8,37.9,15.1,9.3,0.0
2015-02-06,8575,10.618616132167151,6,Friday,2,2015-02-06,18.1,39.9,12.0,13.3,0.0
2015-02-18,9170,10.799540167211926,18,Wednesday,2,2015-02-18,24.2,30.9,14.0,5.0,0.02
2015-07-31,38571,14.983280616698211,31,Friday,7,2015-07-31,81.1,91.0,73.9,6.8,1.62
2015-04-10,16317,12.313068170211029,10,Friday,4,2015-04-10,43.0,57.2,39.2,6.9,0.25
2015-03-05,1637,15.430910201588269,5,Thursday,3,2015-03-05,32.9,44.1,21.2,8.6,0.46
2015-10-03,16564,20.15848124446591,3,Saturday,10,2015-10-03,51.6,55.0,48.2,21.6,1.45
2015-09-26,42560,21.34621749686716,26,Saturday,9,2015-09-26,65.9,70.0,60.8,9.5,0.0
2015-02-09,5160,10.565529715762276,9,Monday,2,2015-02-09,28.9,35.6,25.9,15.3,0.03
2015-06-18,35464,13.128899729302956,18,Thursday,6,2015-06-18,66.8,69.8,64.4,7.5,0.0
2015-04-11,18643,16.437951688748235,11,Saturday,4,2015-04-11,55.3,57.2,51.1,14.7,0.24
2015-11-29,18452,15.968623997398655,29,Sunday,11,2015-11-29,43.0,46.9,37.9,8.7,0.03
2015-09-09,44005,13.642563723819263,9,Wednesday,9,2015-09-09,81.1,88.0,75.2,10.4,0.0
2016-05-03,22858,16.129716073147254,3,Tuesday,5,2016-05-03,54.5,62.1,45.0,7.3,0.73
2016-05-04,31619,13.67089988087332,4,Wednesday,5,2016-05-04,51.3,55.0,48.9,9.0,0.07
2016-07-31,27651,16.085205477800688,31,Sunday,7,2016-07-31,77.7,84.0,75.0,8.1,0.18
2016-05-01,10697,14.554683556137231,1,Sunday,5,2016-05-01,50.1,63.0,46.9,7.3,0.0
2016-01-10,14275,15.183514302393462,10,Sunday,1,2016-01-10,50.9,59.0,41.0,12.7,0.63
2016-07-10,41991,20.965287799766607,10,Sunday,7,2016-07-10,73.0,81.0,66.9,7.0,0.41
2016-03-15,31596,15.491558530615691,15,Tuesday,3,2016-03-15,48.0,57.0,41.0,12.8,0.17
2016-02-23,16133,12.878113184156692,23,Tuesday,2,2016-02-23,38.8,53.1,36.0,13.0,0.0
2016-04-19,46075,15.246389943931996,19,Tuesday,4,2016-04-19,65.5,80.1,48.9,8.6,0.0
2016-05-10,44849,15.381039339413002,10,Tuesday,5,2016-05-10,59.1,73.9,51.1,7.6,0.0
2016-02-01,24334,13.250679433440183,1,Monday,2,2016-02-01,50.5,59.0,37.0,6.5,0.0
2016-03-30,33684,16.17873421604718,30,Wednesday,3,2016-03-30,45.4,53.1,39.0,10.7,0.0
2016-09-16,65275,15.40488982509894,16,Friday,9,2016-09-16,68.5,75.0,63.0,6.4,0.0
2016-09-03,41630,19.12197413724077,3,Saturday,9,2016-09-03,73.5,82.9,68.0,10.8,0.0
2016-08-21,35051,20.343998269188702,21,Sunday,8,2016-08-21,80.7,89.1,75.0,9.7,0.12
2016-09-01,38187,13.335008423459993,1,Thursday,9,2016-09-01,76.9,90.0,73.0,5.6,0.03
2016-04-08,30817,16.405474792052,8,Friday,4,2016-04-08,48.9,60.1,44.1,13.7,0.15
2016-05-19,49182,16.149817006221788,19,Thursday,5,2016-05-19,60.9,71.1,55.0,5.3,0.0
2016-06-19,45270,21.224787570871065,19,Sunday,6,2016-06-19,75.1,86.0,63.0,7.5,0.0
2016-07-18,43687,15.443204690945436,18,Monday,7,2016-07-18,86.3,97.0,77.0,8.5,0.0
2016-07-07,48742,14.107261704484838,7,Thursday,7,2016-07-07,85.1,96.1,77.0,7.3,0.0
2016-04-22,48815,19.96650756256615,22,Friday,4,2016-04-22,70.0,78.1,50.0,7.1,0.0
2016-02-22,28233,14.050746762063309,22,Monday,2,2016-02-22,46.0,57.0,39.0,6.1,0.05
2016-06-11,41030,18.504369566983502,11,Saturday,6,2016-06-11,74.6,90.0,59.0,7.0,0.0
2016-09-21,65463,14.889102240960538,21,Wednesday,9,2016-09-21,77.6,84.9,71.1,4.0,0.0
2016-02-24,9761,11.923438513813474,24,Wednesday,2,2016-02-24,39.8,55.4,35.6,14.0,0.3
2016-04-26,34643,16.306175850821237,26,Tuesday,4,2016-04-26,54.4,68.0,50.0,9.4,0.19
2016-04-05,26238,15.076870061234342,5,Tuesday,4,2016-04-05,33.3,45.0,27.0,13.3,0.5
2016-09-23,65517,15.437967245142485,23,Friday,9,2016-09-23,77.2,89.1,69.1,4.3,0.0
2016-08-15,49063,14.420397244359291,15,Monday,8,2016-08-15,84.6,98.1,78.1,5.6,0.01
2016-06-24,54186,15.930940648876096,24,Friday,6,2016-06-24,74.7,84.9,68.0,8.7,0.0
2016-07-27,54163,15.90347500446184,27,Wednesday,7,2016-07-27,84.5,93.9,75.0,6.6,0.0
2016-08-23,58674,16.090486416470668,23,Tuesday,8,2016-08-23,74.3,84.0,66.9,6.4,0.0
2016-03-02,26195,13.53202074187186,2,Wednesday,3,2016-03-02,46.5,55.9,36.0,15.1,0.17
2016-02-08,19026,12.806705736010374,8,Monday,2,2016-02-08,36.7,39.9,30.2,13.5,0.0
2016-04-09,12702,20.656682674644408,9,Saturday,4,2016-04-09,41.1,46.9,37.4,8.1,0.0
2016-09-09,56813,14.74308198241013,9,Friday,9,2016-09-09,86.5,93.0,73.0,7.5,0.0
2016-07-22,49191,15.723654394774115,22,Friday,7,2016-07-22,85.1,98.1,75.0,11.3,0.0
2016-01-21,23672,13.70497563929256,21,Thursday,1,2016-01-21,32.6,37.9,28.0,10.8,0.0
2016-02-28,25437,20.957101204282473,28,Sunday,2,2016-02-28,46.3,61.0,28.0,10.1,0.0
2016-03-01,30509,15.12471128737968,1,Tuesday,3,2016-03-01,46.6,61.0,39.9,11.4,0.07
2016-07-06,51353,14.844884102843716,6,Wednesday,7,2016-07-06,85.8,96.1,69.1,5.3,0.57
2016-09-12,61103,16.01317911286407,12,Monday,9,2016-09-12,71.3,84.0,64.0,8.2,0.0
2016-02-18,22261,14.31494392285462,18,Thursday,2,2016-02-18,33.9,41.0,28.9,12.8,0.0
2016-07-20,57225,15.270819571865442,20,Wednesday,7,2016-07-20,77.9,88.0,71.1,7.2,0.0
2016-08-20,45817,21.147449636597766,20,Saturday,8,2016-08-20,79.0,89.1,75.0,6.3,0.02
2016-05-08,31197,21.021818337233288,8,Sunday,5,2016-05-08,55.4,64.9,48.9,9.8,0.07
2016-01-09,20846,14.839802999776136,9,Saturday,1,2016-01-09,43.7,48.0,34.0,10.8,0.0
2016-01-15,28435,14.487640818240436,15,Friday,1,2016-01-15,40.2,52.0,24.1,4.8,0.0
2016-08-11,47430,14.217371565113496,11,Thursday,8,2016-08-11,86.8,97.0,75.9,7.2,0.05
2016-06-12,40637,19.728615957542804,12,Sunday,6,2016-06-12,80.2,90.0,64.0,14.0,0.1
2016-07-26,52912,15.439079666868256,26,Tuesday,7,2016-07-26,81.7,93.9,75.0,8.3,0.77
2016-03-12,32771,22.65650524345713,12,Saturday,3,2016-03-12,49.6,66.0,41.0,7.2,0.0
2018-01-13,17760,11.608766891891896,13,Saturday,1,2018-01-13,41.7,60.1,25.0,14.4,0.79
2018-05-14,64729,15.904303326175288,14,Monday,5,2018-05-14,58.4,71.1,52.0,5.0,0.1
2018-01-23,28797,13.397511314836038,23,Tuesday,1,2018-01-23,44.8,59.0,35.6,9.1,0.03
2018-02-12,35139,18.194091560184788,12,Monday,2,2018-02-12,48.1,63.0,41.0,11.4,0.99
2018-04-27,39154,12.328815276429824,27,Friday,4,2018-04-27,54.5,70.0,48.9,8.1,0.17
2018-02-24,25550,14.260973255055443,24,Saturday,2,2018-02-24,46.7,54.0,36.0,7.4,0.07
2018-04-28,56745,21.09956912503305,28,Saturday,4,2018-04-28,56.7,66.0,48.9,6.2,0.05
2018-04-25,31214,17.286462805151526,25,Wednesday,4,2018-04-25,56.1,66.0,46.0,10.4,0.42
2018-04-16,26289,13.66021212928094,16,Monday,4,2018-04-16,46.6,61.0,39.0,18.1,1.24
2018-04-15,20440,12.307435583822576,15,Sunday,4,2018-04-15,44.4,69.1,39.0,18.4,0.0
2018-03-20,35532,11.4920395699651,20,Tuesday,3,2018-03-20,35.9,46.9,30.9,9.8,0.0
2018-01-09,25091,13.09497030807859,9,Tuesday,1,2018-01-09,35.5,43.0,18.0,11.2,0.0
2018-05-05,63329,24.555012974571945,5,Saturday,5,2018-05-05,70.3,84.0,61.0,11.2,0.0
2018-05-02,76773,16.61223498712655,2,Wednesday,5,2018-05-02,76.9,89.1,66.0,10.3,0.0
2018-01-15,17637,11.038549639961442,15,Monday,1,2018-01-15,21.6,30.0,15.1,12.2,0.0
2018-02-03,18385,12.369982775813613,3,Saturday,2,2018-02-03,22.4,39.0,17.1,13.5,0.18
2018-02-19,25677,12.832399293790813,19,Monday,2,2018-02-19,41.5,48.9,33.1,5.6,0.02
2018-01-19,30525,11.873586677586673,19,Friday,1,2018-01-19,31.2,39.0,19.9,9.6,0.0
2018-03-17,27672,17.89375481834827,17,Saturday,3,2018-03-17,36.4,48.0,28.9,14.8,0.0
2018-04-11,48612,12.4838009819249,11,Wednesday,4,2018-04-11,44.4,52.0,37.9,6.9,0.0
2018-05-03,69056,20.436858974358977,3,Thursday,5,2018-05-03,82.3,93.0,64.9,10.8,0.0
2018-03-06,42689,13.188295189236891,6,Tuesday,3,2018-03-06,39.5,46.9,34.0,8.2,0.0
2018-03-05,36774,11.714059752361273,5,Monday,3,2018-03-05,37.5,44.1,35.1,15.7,0.0
2018-01-10,28252,11.869496554816177,10,Wednesday,1,2018-01-10,34.2,43.0,26.1,6.1,0.0
2018-01-29,36799,11.981148944264792,29,Monday,1,2018-01-29,42.8,54.0,39.0,8.8,0.08
2018-05-17,49789,15.305948770478086,17,Thursday,5,2018-05-17,60.2,73.4,55.0,6.0,0.64
2018-03-21,3755,12.19300488237905,21,Wednesday,3,2018-03-21,35.7,39.9,30.9,15.1,0.0
2018-05-22,48508,13.950543896539402,22,Tuesday,5,2018-05-22,64.6,79.0,55.9,5.0,0.0
2018-02-04,13959,11.171521360173845,4,Sunday,2,2018-02-04,34.8,45.0,17.1,8.2,0.0
2018-05-18,63113,17.44250365746096,18,Friday,5,2018-05-18,64.9,73.0,55.0,8.9,0.02
2018-02-16,29191,11.969708129217906,16,Friday,2,2018-02-16,56.1,61.0,44.1,9.1,0.16
2018-02-02,26313,10.905258490733354,2,Friday,2,2018-02-02,33.4,45.0,21.9,13.7,0.23
2018-03-28,42520,12.539774223894636,28,Wednesday,3,2018-03-28,43.7,52.0,35.1,5.5,0.04
2016-06-17,54236,16.92154841802493,17,Friday,6,2016-06-17,71.2,77.0,66.0,6.4,0.0
2016-08-19,51669,16.083249143587068,19,Friday,8,2016-08-19,81.6,89.1,75.0,6.6,0.0
2016-01-17,12024,16.351681359503214,17,Sunday,1,2016-01-17,38.9,46.9,30.2,9.5,0.02
2016-02-16,14542,12.414541787007746,16,Tuesday,2,2016-02-16,46.1,57.2,30.9,13.4,0.49
2016-05-07,31078,20.77149055065748,7,Saturday,5,2016-05-07,52.3,57.2,48.2,8.7,0.18
2016-01-16,19178,16.918041505892166,16,Saturday,1,2016-01-16,46.3,52.0,34.0,9.6,0.24
2016-08-10,50114,14.844030942783784,10,Wednesday,8,2016-08-10,81.5,89.1,75.0,9.3,0.01
2016-04-04,12302,11.236617352192052,4,Monday,4,2016-04-04,39.7,50.0,35.1,9.4,0.11
2016-09-04,46023,21.00148874837943,4,Sunday,9,2016-09-04,72.1,81.0,66.0,9.5,0.0
2016-07-28,50151,14.930211428153648,28,Thursday,7,2016-07-28,84.7,93.9,77.0,6.1,0.0
2016-06-13,49069,15.067314054358826,13,Monday,6,2016-06-13,66.0,86.0,59.0,16.9,0.0
2016-09-17,59200,19.25459966216216,17,Saturday,9,2016-09-17,69.2,78.1,64.0,6.3,0.0
2016-06-27,47023,14.955021656069013,27,Monday,6,2016-06-27,75.7,86.0,69.1,9.9,0.0
2016-07-03,35348,23.127338180377947,3,Sunday,7,2016-07-03,75.4,82.0,68.0,7.3,0.0
2016-02-12,16449,15.263371633533945,12,Friday,2,2016-02-12,21.7,32.0,17.1,12.3,0.05
2016-06-15,55049,15.635799620943768,15,Wednesday,6,2016-06-15,75.3,87.1,60.1,6.2,0.0
2016-05-27,46937,17.443640056529674,27,Friday,5,2016-05-27,76.6,91.9,55.0,7.2,0.0
2016-07-11,52870,15.011559170291914,11,Monday,7,2016-07-11,74.5,82.0,68.5,8.7,0.0
2016-08-14,32961,17.39538848942689,14,Sunday,8,2016-08-14,90.7,97.0,82.0,8.6,0.0
2016-08-03,57003,15.2625540176248,3,Wednesday,8,2016-08-03,74.2,81.0,68.0,7.5,0.0
2016-02-19,21959,13.206008925725213,19,Friday,2,2016-02-19,30.2,37.4,25.0,7.6,0.0
2016-04-12,23765,13.984453327722836,12,Tuesday,4,2016-04-12,53.2,61.0,44.1,10.9,0.04
2016-01-18,12718,12.472764323530953,18,Monday,1,2016-01-18,29.0,44.1,24.1,15.0,0.05
2016-07-13,55486,16.676759302646914,13,Wednesday,7,2016-07-13,78.1,86.0,71.1,8.8,0.0
2016-03-20,16678,19.044263900547637,20,Sunday,3,2016-03-20,38.9,46.9,33.1,12.7,0.0
2016-04-03,15322,18.475351346647532,3,Sunday,4,2016-04-03,42.3,61.0,35.1,19.7,0.24
2016-09-07,60500,15.659115977961438,7,Wednesday,9,2016-09-07,77.2,86.0,71.6,11.2,0.01
2016-07-15,48572,15.101955173076393,15,Friday,7,2016-07-15,86.6,91.9,75.0,6.4,0.5
2016-08-07,43631,19.053288945932938,7,Sunday,8,2016-08-07,81.5,91.0,73.9,9.2,0.0
2016-05-12,52273,16.941524623929503,12,Thursday,5,2016-05-12,66.2,78.1,53.1,5.7,0.0
2016-02-21,20052,19.637280570516655,21,Sunday,2,2016-02-21,53.1,62.1,39.9,8.4,0.0
2016-01-11,22937,11.935826394035836,11,Monday,1,2016-01-11,37.8,59.0,30.9,16.0,0.79
2016-01-04,19593,12.859374946834754,4,Monday,1,2016-01-04,33.7,46.9,21.0,13.9,0.0
2016-06-06,52149,16.091471872263448,6,Monday,6,2016-06-06,75.1,87.1,66.9,9.1,0.67
2016-02-14,4653,15.776377247653842,14,Sunday,2,2016-02-14,8.3,24.1,1.0,15.8,0.0
2016-09-13,64839,15.12418169106042,13,Tuesday,9,2016-09-13,73.2,82.0,64.0,7.7,0.0
2016-09-24,53259,17.905720785845276,24,Saturday,9,2016-09-24,68.5,89.1,59.0,9.5,0.44
2016-09-05,45436,19.362901663878866,5,Monday,9,2016-09-05,73.8,84.0,66.0,10.8,0.0
2016-08-29,53288,15.807719686733725,29,Monday,8,2016-08-29,82.1,91.0,73.9,8.6,0.0
2016-09-14,59203,14.403582307202898,14,Wednesday,9,2016-09-14,78.0,91.9,68.0,8.5,0.0
2016-03-13,27550,22.446108892921966,13,Sunday,3,2016-03-13,56.7,64.0,41.0,5.6,0.0
2016-04-13,37539,15.087523642078905,13,Wednesday,4,2016-04-13,48.4,57.9,42.1,8.8,0.19
2016-09-02,53007,16.30920821778256,2,Friday,9,2016-09-02,75.0,82.9,68.0,9.2,0.31
2016-03-31,38348,18.08265793957095,31,Thursday,3,2016-03-31,57.2,70.0,39.0,11.1,0.0
2016-02-26,22573,12.97242649773328,26,Friday,2,2016-02-26,36.6,41.0,33.1,17.7,0.02
2016-07-30,27780,17.541447684185265,30,Saturday,7,2016-07-30,78.4,84.9,71.1,7.2,0.13
2016-08-28,44639,19.58572735351,28,Sunday,8,2016-08-28,80.7,89.1,73.9,6.3,0.0
2016-05-24,34796,14.567491474115805,24,Tuesday,5,2016-05-24,65.6,77.0,55.9,5.3,0.26
2016-01-19,17281,11.166679204521342,19,Tuesday,1,2016-01-19,22.8,33.1,18.0,19.0,0.0
2016-04-02,21839,18.66131919959705,2,Saturday,4,2016-04-02,56.3,79.0,48.9,6.9,0.01
2016-02-29,27954,13.314709284300395,29,Monday,2,2016-02-29,51.2,61.0,39.0,9.4,0.0
2016-05-15,28661,20.685222660293313,15,Sunday,5,2016-05-15,56.0,73.0,48.0,15.4,0.0
2016-04-20,44547,17.056459095636814,20,Wednesday,4,2016-04-20,58.8,69.1,51.1,10.7,0.0
2016-07-16,38406,18.126586991615884,16,Saturday,7,2016-07-16,84.1,91.9,77.0,8.0,0.0
2016-02-17,23572,12.860501159567852,17,Wednesday,2,2016-02-17,39.9,57.0,35.1,12.6,0.8
2016-09-19,34217,13.569371949615688,19,Monday,9,2016-09-19,75.2,84.9,72.0,5.9,0.31
2016-02-15,5884,11.873243825062316,15,Monday,2,2016-02-15,19.1,30.9,1.0,6.2,0.0
2016-09-20,64891,14.961962881344617,20,Tuesday,9,2016-09-20,75.4,84.0,71.1,5.1,0.47
2016-03-25,34097,19.251851580295433,25,Friday,3,2016-03-25,55.9,73.0,44.1,7.9,0.0
2016-06-02,54401,16.113568990766105,2,Thursday,6,2016-06-02,68.9,82.9,62.1,9.2,0.0
2016-08-31,57214,14.513126157933373,31,Wednesday,8,2016-08-31,80.5,90.0,72.0,7.5,0.0
2016-03-24,36495,15.03523542037722,24,Thursday,3,2016-03-24,50.1,71.1,44.1,11.2,0.0
2016-09-10,48455,17.357957555119874,10,Saturday,9,2016-09-10,82.2,93.0,75.9,7.1,0.05
2016-07-04,34860,20.668269745649276,4,Monday,7,2016-07-04,76.7,86.0,69.1,7.8,0.0
2016-08-05,53297,16.13703210312025,5,Friday,8,2016-08-05,77.4,86.0,70.0,8.1,0.0
2016-05-28,34222,21.96118432587224,28,Saturday,5,2016-05-28,79.9,91.9,66.9,8.4,0.0
2016-09-25,53568,18.0108236260454,25,Sunday,9,2016-09-25,64.2,72.0,57.9,6.8,0.2
2016-07-12,56537,16.041030062908657,12,Tuesday,7,2016-07-12,76.6,84.0,69.1,8.1,0.0
2016-03-05,18023,16.74782962510865,5,Saturday,3,2016-03-05,34.8,42.1,30.0,9.4,0.04
2016-03-11,38195,18.2754077758869,11,Friday,3,2016-03-11,61.2,78.1,54.0,9.7,0.04
2016-02-07,17605,15.890264129508658,7,Sunday,2,2016-02-07,39.6,46.0,32.0,5.0,0.0
2016-01-12,25211,12.20320362804596,12,Tuesday,1,2016-01-12,32.9,45.0,26.1,9.0,0.0
2016-03-07,31492,16.19738028705703,7,Monday,3,2016-03-07,45.1,61.0,33.1,9.3,0.0
2016-05-14,42063,23.048131770598072,14,Saturday,5,2016-05-14,66.2,73.0,57.9,6.8,0.25
2016-05-25,53439,16.455156034606443,25,Wednesday,5,2016-05-25,74.4,90.0,60.1,3.9,0.02
2016-06-09,52905,15.755235800018902,9,Thursday,6,2016-06-09,63.6,73.9,55.0,17.1,0.44
2016-08-18,53218,15.5526842421737,18,Thursday,8,2016-08-18,80.3,88.0,75.0,5.4,0.02
2016-08-09,56112,14.844586125368313,9,Tuesday,8,2016-08-09,80.8,89.1,75.0,6.5,0.0
2016-05-22,37802,19.757680369645353,22,Sunday,5,2016-05-22,60.7,71.1,54.0,6.5,0.18
2016-06-28,49593,14.705213101311337,28,Tuesday,6,2016-06-28,72.6,84.0,69.1,9.3,0.54
2016-04-23,33647,23.98327191131454,23,Saturday,4,2016-04-23,66.5,78.1,61.0,8.7,0.14
2016-09-27,61346,14.143505960725502,27,Tuesday,9,2016-09-27,70.5,75.9,57.0,8.4,0.15
2016-04-27,41931,17.22067404386572,27,Wednesday,4,2016-04-27,51.1,57.9,46.4,7.9,0.11
2016-08-26,52037,16.261287481343405,26,Friday,8,2016-08-26,83.6,91.0,73.0,8.7,0.01
2016-07-17,41347,20.469013068259695,17,Sunday,7,2016-07-17,83.1,93.0,77.0,5.1,0.0
2016-05-29,36877,24.4514724625105,29,Sunday,5,2016-05-29,80.0,91.9,73.0,9.1,0.0
2016-06-01,54665,18.26995914509589,1,Wednesday,6,2016-06-01,76.0,84.0,68.0,6.7,0.0
2016-04-28,37428,15.516839442841366,28,Thursday,4,2016-04-28,53.3,60.1,46.9,8.3,0.0
2016-03-08,36521,15.032190611794128,8,Tuesday,3,2016-03-08,53.9,64.0,37.0,5.8,0.0
2016-03-26,27478,25.45250139505544,26,Saturday,3,2016-03-26,47.0,73.0,39.0,10.5,0.07
2016-02-05,13670,13.922404291636187,5,Friday,2,2016-02-05,39.4,57.9,32.0,13.7,0.31
2016-02-20,24484,20.461634128410388,20,Saturday,2,2016-02-20,47.4,62.1,25.0,10.1,0.0
2016-04-15,39676,15.267669371912492,15,Friday,4,2016-04-15,50.8,63.0,43.0,5.2,0.0
2016-01-13,21133,13.283152731115631,13,Wednesday,1,2016-01-13,29.3,45.0,24.1,16.9,0.0
2016-07-08,44419,16.502004772732388,8,Friday,7,2016-07-08,78.8,93.0,73.9,6.5,0.02
2016-01-27,6761,17.990472316718446,27,Wednesday,1,2016-01-27,44.4,48.9,35.1,10.3,0.01
2016-08-13,38912,18.48750856633772,13,Saturday,8,2016-08-13,89.2,98.1,75.9,7.0,0.07
2016-03-03,24061,13.285572087610657,3,Thursday,3,2016-03-03,31.5,36.0,27.0,11.9,0.0
2016-04-07,30402,13.857027498190908,7,Thursday,4,2016-04-07,52.0,60.1,32.0,12.8,0.0
2016-05-05,39903,15.95220701868698,5,Thursday,5,2016-05-05,51.8,57.9,46.9,11.6,0.02
2016-06-23,53206,14.599842749564582,23,Thursday,6,2016-06-23,74.3,86.0,66.9,6.8,0.0
2016-09-06,52447,14.600942221035838,6,Tuesday,9,2016-09-06,77.8,84.0,66.9,15.2,0.0
2016-01-01,11009,20.21896781421261,1,Friday,1,2016-01-01,41.9,50.0,39.0,11.8,0.03
2016-02-06,16933,16.371742553987286,6,Saturday,2,2016-02-06,36.0,44.1,32.0,9.3,0.05
2016-08-08,52262,15.647659229778167,8,Monday,8,2016-08-08,80.8,89.1,73.9,7.1,0.0
2016-01-29,16028,14.059549954246735,29,Friday,1,2016-01-29,39.8,44.1,28.9,8.0,0.0
2016-05-26,52133,15.946899916239875,26,Thursday,5,2016-05-26,82.2,91.9,60.1,7.2,0.0
2016-05-31,49756,15.286392595867833,31,Tuesday,5,2016-05-31,76.7,86.0,69.1,7.5,0.0
2016-01-28,11946,16.815265918857083,28,Thursday,1,2016-01-28,37.9,48.0,28.9,5.4,0.0
2018-01-17,19010,10.392363668244784,17,Wednesday,1,2018-01-17,33.8,36.0,24.1,7.9,0.05
2018-02-25,16150,19.660624355005172,25,Sunday,2,2018-02-25,42.3,54.0,39.9,9.6,0.62
2018-05-16,32766,12.527345927689272,16,Wednesday,5,2018-05-16,62.9,70.0,55.9,6.7,0.44
2018-05-20,56949,23.55147090671772,20,Sunday,5,2018-05-20,66.7,84.0,50.0,7.1,0.44
2018-03-22,27308,11.820652067770132,22,Thursday,3,2018-03-22,39.6,51.1,32.0,13.8,0.64
2018-05-11,75266,18.95946753292767,11,Friday,5,2018-05-11,65.1,73.0,55.9,8.3,0.19
2018-01-08,15821,17.417178644417756,8,Monday,1,2018-01-08,22.2,30.9,6.1,9.4,0.0
2018-04-01,33149,21.496862147676666,1,Sunday,4,2018-04-01,50.4,59.0,39.9,11.0,0.0
2018-02-06,34102,11.455167829843798,6,Tuesday,2,2018-02-06,31.6,41.0,28.0,6.1,0.0
2018-03-26,40295,12.767646523555443,26,Monday,3,2018-03-26,40.4,50.0,34.0,9.1,0.0
2018-04-12,53168,13.598826988664865,12,Thursday,4,2018-04-12,50.6,60.1,37.9,8.1,0.0
2018-04-23,57767,16.767890548813906,23,Monday,4,2018-04-23,53.5,64.9,45.0,7.8,0.0
2018-01-16,30278,11.388798247352312,16,Tuesday,1,2018-01-16,27.9,33.1,16.0,6.9,0.0
2018-03-10,25444,14.896088141277575,10,Saturday,3,2018-03-10,37.4,44.1,30.9,14.0,0.0
2018-03-19,39278,12.724122070030722,19,Monday,3,2018-03-19,39.8,46.9,30.0,7.0,0.0
2018-03-11,27597,24.689533886533564,11,Sunday,3,2018-03-11,38.9,46.0,33.1,10.3,0.0
2018-02-01,35561,11.316653543676129,1,Thursday,2,2018-02-01,36.9,45.0,19.0,8.1,0.0
2018-05-25,69345,20.336381378133485,25,Friday,5,2018-05-25,77.9,89.1,66.0,9.6,0.0
2018-01-05,4972,16.160857468490214,5,Friday,1,2018-01-05,16.7,28.9,10.0,22.4,0.0
2018-02-27,48516,14.211650452084532,27,Tuesday,2,2018-02-27,47.3,57.0,39.9,7.5,0.0
2018-03-09,34912,12.983422128017104,9,Friday,3,2018-03-09,36.8,44.1,30.9,14.0,0.0
2018-01-07,5640,12.762567966903076,7,Sunday,1,2018-01-07,10.8,18.0,6.1,11.7,0.0
2017-04-04,29991,16.87980949840508,4,Tuesday,4,2017-04-04,50.1,63.0,45.0,11.3,1.6
2017-05-01,56218,15.693653574774386,1,Monday,5,2017-05-01,55.9,73.0,50.0,9.3,0.0
2017-11-06,57606,14.3037498987374,6,Monday,11,2017-11-06,62.6,66.0,52.0,7.8,0.08
2017-12-10,19815,13.854088653377072,10,Sunday,12,2017-12-10,35.0,39.9,30.9,10.9,0.34
2017-11-05,34943,14.415929752263208,5,Sunday,11,2017-11-05,54.8,61.0,48.0,7.8,0.02
2017-09-27,69897,14.354635868969105,27,Wednesday,9,2017-09-27,75.0,84.0,68.0,7.2,0.0
2017-12-16,19060,12.256758481986711,16,Saturday,12,2017-12-16,30.9,39.9,23.0,12.9,0.13
2017-11-24,23724,18.908367054459617,24,Friday,11,2017-11-24,43.0,51.1,34.0,5.7,0.0
2017-09-21,67742,15.094857449342108,21,Thursday,9,2017-09-21,75.8,79.0,71.1,10.2,0.0
2017-10-19,72311,15.955407890915628,19,Thursday,10,2017-10-19,64.7,73.9,52.0,7.9,0.0
2017-10-22,62150,20.691869670152855,22,Sunday,10,2017-10-22,66.7,75.9,57.9,4.5,0.0
2017-07-02,43036,26.901029370759368,2,Sunday,7,2017-07-02,79.8,91.0,73.0,7.4,0.07
2017-06-17,34900,18.477302769818536,17,Saturday,6,2017-06-17,67.0,73.9,63.0,7.0,0.0
2017-12-27,16365,13.723589978612898,27,Wednesday,12,2017-12-27,22.8,28.9,19.0,10.5,0.0
2017-11-30,51700,11.952303352675695,30,Thursday,11,2017-11-30,44.2,64.0,39.9,7.3,0.0
2017-10-17,64480,14.584902036807284,17,Tuesday,10,2017-10-17,51.8,71.1,45.0,8.7,0.0
2017-05-11,57208,13.885394525241226,11,Thursday,5,2017-05-11,57.1,64.9,52.0,6.4,0.0
2017-12-19,49503,11.826513207953727,19,Tuesday,12,2017-12-19,50.2,55.9,34.0,10.9,0.0
2017-05-30,50194,14.597552164269302,30,Tuesday,5,2017-05-30,58.3,64.0,55.0,7.6,0.03
2017-12-06,46335,12.197234272148483,6,Wednesday,12,2017-12-06,50.1,60.1,41.0,11.9,0.69
2017-10-24,48077,13.248867788478208,24,Tuesday,10,2017-10-24,70.8,75.9,61.0,17.4,0.04
2017-09-20,71150,15.325442492386973,20,Wednesday,9,2017-09-20,73.9,78.1,69.1,13.3,0.19
2017-07-26,70323,16.075239964165352,26,Wednesday,7,2017-07-26,70.5,78.1,62.1,7.5,0.0
2017-08-21,61059,18.411591520769527,21,Monday,8,2017-08-21,80.8,88.0,71.1,6.7,0.0
2017-05-26,53768,17.63370654168527,26,Friday,5,2017-05-26,63.5,75.9,55.9,11.1,0.89
2017-07-25,65336,14.88279228398841,25,Tuesday,7,2017-07-25,65.8,73.0,62.1,9.1,0.45
2017-05-13,5704,19.468972066386165,13,Saturday,5,2017-05-13,53.2,55.9,48.0,11.1,0.13
2017-05-14,38729,17.56719770714452,14,Sunday,5,2017-05-14,55.4,70.0,46.9,13.4,1.61
2017-08-07,23395,12.287061337892712,7,Monday,8,2017-08-07,70.2,78.1,66.0,5.8,0.0
2017-11-22,32298,15.141786901149707,22,Wednesday,11,2017-11-22,51.7,59.0,43.0,8.7,0.0
2017-10-11,63589,15.352759911305418,11,Wednesday,10,2017-10-11,70.8,81.0,68.0,7.0,0.0
2017-06-27,64767,16.471872764422205,27,Tuesday,6,2017-06-27,71.2,81.0,62.1,7.7,0.16
2017-04-30,42928,17.93472442228848,30,Sunday,4,2017-04-30,64.7,88.0,55.9,10.1,0.0
2017-05-18,63753,15.25395589227174,18,Thursday,5,2017-05-18,88.1,97.0,66.0,10.1,0.0
2017-04-29,57701,22.421804936945055,29,Saturday,4,2017-04-29,76.9,88.0,55.0,8.8,0.06
2017-11-03,71818,17.543681946030247,3,Friday,11,2017-11-03,66.1,75.0,57.9,7.6,0.0
2017-08-14,61482,23.30200654934236,14,Monday,8,2017-08-14,76.6,84.9,71.1,5.8,0.0
2017-07-13,56475,17.33239220894201,13,Thursday,7,2017-07-13,86.0,93.9,78.1,9.1,0.0
2017-11-26,27181,13.695223992249492,26,Sunday,11,2017-11-26,49.3,57.9,42.1,13.0,0.0
2017-06-12,57871,15.694316669834633,12,Monday,6,2017-06-12,86.7,96.1,75.0,8.5,0.0
2017-04-16,48140,30.834774269491753,16,Sunday,4,2017-04-16,70.8,88.0,52.0,9.5,0.0
2017-09-10,60711,18.793300225659276,10,Sunday,9,2017-09-10,65.0,73.0,59.0,9.7,0.0
2017-11-17,48991,14.673116490784022,17,Friday,11,2017-11-17,45.5,59.0,41.0,16.8,0.08
2017-11-04,53435,21.415344187642305,4,Saturday,11,2017-11-04,53.1,75.0,48.0,10.3,0.0
2017-05-15,54715,14.220029547046822,15,Monday,5,2017-05-15,61.7,70.0,46.9,17.8,0.01
2017-08-20,55442,20.31129949617018,20,Sunday,8,2017-08-20,78.7,89.1,71.1,10.4,0.0
2017-08-17,66656,17.591802438390143,17,Thursday,8,2017-08-17,76.4,86.0,70.0,7.0,0.0
2017-05-16,64504,15.439990026458304,16,Tuesday,5,2017-05-16,68.8,82.9,54.0,10.3,0.0
2017-12-13,32623,11.80336623445626,13,Wednesday,12,2017-12-13,29.2,51.1,21.9,21.0,0.0
2017-07-12,61786,15.48833770325532,12,Wednesday,7,2017-07-12,84.2,91.0,75.0,9.1,0.0
2017-07-05,60321,18.006270895155367,5,Wednesday,7,2017-07-05,76.7,87.1,70.0,7.6,0.0
2017-04-08,35936,19.264894998515885,8,Saturday,4,2017-04-08,47.4,57.9,42.1,16.0,0.0
2017-11-20,45121,12.479933216610153,20,Monday,11,2017-11-20,43.1,60.1,37.0,13.1,0.02
2017-06-08,62653,15.590405620374655,8,Thursday,6,2017-06-08,63.9,71.1,52.0,5.4,0.0
2017-08-25,64217,16.98689365744273,25,Friday,8,2017-08-25,72.3,81.0,66.0,6.0,0.0
2017-10-28,61348,21.18242349655518,28,Saturday,10,2017-10-28,60.9,68.0,51.1,9.0,0.0
2015-12-30,22477,15.921718497427,30,Wednesday,12,2015-12-30,41.8,48.0,34.0,4.8,0.13
2015-01-27,1214,15.937850082372323,27,Tuesday,1,2015-01-27,24.4,30.0,19.9,14.9,0.45
2015-03-01,2879,12.341061711242334,1,Sunday,3,2015-03-01,26.7,30.0,15.1,4.4,0.0
2015-09-22,48685,16.310683304234708,22,Tuesday,9,2015-09-22,66.3,73.0,59.0,10.8,0.0
2015-12-11,39060,15.879403481822838,11,Friday,12,2015-12-11,54.3,61.0,48.9,5.4,0.0
2015-12-09,35306,14.534629147076044,9,Wednesday,12,2015-12-09,45.7,53.1,39.0,4.2,0.0
2015-04-26,21594,18.999813219721528,26,Sunday,4,2015-04-26,52.0,61.0,39.0,5.2,0.0
2015-09-24,52706,17.99178619764986,24,Thursday,9,2015-09-24,69.9,81.0,59.0,6.4,0.0
2015-05-07,34871,15.36802835211685,7,Thursday,5,2015-05-07,64.6,75.9,52.0,5.2,0.0
2015-05-03,27694,20.46028622324933,3,Sunday,5,2015-05-03,59.5,75.9,48.0,6.4,0.0
2015-05-29,37756,15.59886508104672,29,Friday,5,2015-05-29,73.0,84.0,64.0,7.2,0.0
2015-11-02,44534,16.637726605889135,2,Monday,11,2015-11-02,60.2,64.9,53.1,4.9,0.0
2015-11-06,47162,17.09736369676152,6,Friday,11,2015-11-06,68.3,75.0,57.0,7.5,0.0
2015-07-29,39428,13.735740674985626,29,Wednesday,7,2015-07-29,86.3,95.0,75.9,5.8,0.0
2015-12-07,34139,14.107047658103632,7,Monday,12,2015-12-07,48.8,55.0,39.9,4.5,0.0
2015-09-23,48366,17.723571655019366,23,Wednesday,9,2015-09-23,67.6,79.0,59.0,6.3,0.0
2015-06-14,28184,18.834916974169744,14,Sunday,6,2015-06-14,77.0,87.1,68.0,6.3,0.0
2015-12-20,17030,16.171584458798197,20,Sunday,12,2015-12-20,39.8,44.1,36.0,12.0,0.0
2015-11-25,30295,15.095552071298895,25,Wednesday,11,2015-11-25,44.0,48.9,33.1,6.5,0.0
2015-02-23,7458,10.532466255475104,23,Monday,2,2015-02-23,29.3,42.1,16.0,14.0,0.11
2015-08-15,37821,21.43039625252284,15,Saturday,8,2015-08-15,81.4,91.9,71.1,6.5,0.0
2015-09-15,48729,17.1010236888369,15,Tuesday,9,2015-09-15,73.2,84.0,59.0,6.2,0.0
2015-04-19,21475,18.12943344974776,19,Sunday,4,2015-04-19,57.6,79.0,50.0,8.8,0.0
2015-08-25,41655,16.29378866082503,25,Tuesday,8,2015-08-25,80.6,88.0,73.0,8.3,0.0
2015-09-19,43011,23.090150194136378,19,Saturday,9,2015-09-19,73.9,84.9,69.1,7.7,0.0
2015-11-14,25299,17.232278614437995,14,Saturday,11,2015-11-14,47.8,59.0,45.0,16.2,0.0
2015-10-20,45376,16.729051334038555,20,Tuesday,10,2015-10-20,56.0,71.1,37.0,10.5,0.0
2015-08-09,32716,24.251738700737665,9,Sunday,8,2015-08-09,75.7,87.1,69.1,6.8,0.0
2015-02-05,9208,10.38994533738778,5,Thursday,2,2015-02-05,33.2,41.0,21.0,12.1,0.0
2015-08-14,39983,16.06932362920908,14,Friday,8,2015-08-14,78.9,88.0,69.1,5.2,0.0
2015-09-06,33199,20.810108738215,6,Sunday,9,2015-09-06,73.9,84.0,66.9,5.1,0.0
2015-06-07,30773,19.35456189950064,7,Sunday,6,2015-06-07,65.3,73.9,57.0,7.6,0.0
2015-07-21,38499,14.462454436045958,21,Tuesday,7,2015-07-21,86.0,95.0,80.1,6.3,0.0
2015-11-07,35586,21.318811236628633,7,Saturday,11,2015-11-07,65.9,75.0,57.0,9.2,0.0
2015-12-04,34737,14.553756321309653,4,Friday,12,2015-12-04,46.9,55.9,44.1,10.5,0.0
2015-05-02,25743,19.347873855675974,2,Saturday,5,2015-05-02,53.9,69.1,48.0,4.7,0.0
2015-10-10,39345,23.579905536493406,10,Saturday,10,2015-10-10,60.0,78.1,52.0,8.1,0.5
2015-10-31,31756,20.491124511903266,31,Saturday,10,2015-10-31,49.0,60.1,43.0,7.8,0.0
2015-03-06,5162,12.277776701536872,6,Friday,3,2015-03-06,21.0,41.0,15.1,7.1,0.38
2015-09-20,40462,22.248878371476117,20,Sunday,9,2015-09-20,73.3,80.1,69.1,10.8,0.0
2015-10-17,31809,20.511525564043716,17,Saturday,10,2015-10-17,52.9,64.0,48.0,11.6,0.0
2015-01-20,16129,10.797786595573193,20,Tuesday,1,2015-01-20,37.2,42.1,34.0,9.6,0.0
2015-09-25,51368,18.575825741057987,25,Friday,9,2015-09-25,68.5,81.0,63.0,9.7,0.0
2015-04-16,27180,13.467742825607065,16,Thursday,4,2015-04-16,56.5,70.0,46.9,7.4,0.0
2015-05-23,23910,20.412528927924157,23,Saturday,5,2015-05-23,59.3,75.0,50.0,11.5,0.0
2015-01-06,8739,10.582040279208147,6,Tuesday,1,2015-01-06,21.2,28.9,17.6,8.7,0.0
2015-03-18,13842,11.333388720319798,18,Wednesday,3,2015-03-18,33.7,37.9,28.9,19.6,0.01
2015-03-08,7898,13.692379927407789,8,Sunday,3,2015-03-08,40.2,48.0,35.1,8.4,0.0
2015-01-03,4478,10.921404644930773,3,Saturday,1,2015-01-03,35.2,42.1,30.9,8.1,0.0
2015-03-02,7283,11.29215524737974,2,Monday,3,2015-03-02,32.2,37.9,24.1,9.0,0.48
2015-06-28,20591,17.46726320560762,28,Sunday,6,2015-06-28,64.2,73.9,60.1,12.4,1.32
2015-09-11,47613,15.510684406919678,11,Friday,9,2015-09-11,72.4,81.0,66.0,8.8,0.52
2015-09-29,48725,17.201326150162473,29,Tuesday,9,2015-09-29,74.7,82.9,64.9,5.5,0.0
2015-07-30,31166,13.443922864660207,30,Thursday,7,2015-07-30,82.1,95.0,75.0,8.8,0.0
2015-04-14,22703,12.626147792509066,14,Tuesday,4,2015-04-14,59.3,64.9,46.9,7.0,0.0
2015-04-09,16546,11.794970587050244,9,Thursday,4,2015-04-09,39.3,46.0,37.0,12.4,0.0
2015-05-09,24329,19.63518982832559,9,Saturday,5,2015-05-09,58.0,79.0,53.1,8.4,0.0
2015-11-12,37319,13.343849424332552,12,Thursday,11,2015-11-12,55.2,60.1,50.0,8.0,0.23
2015-03-10,11781,12.056681662564015,10,Tuesday,3,2015-03-10,40.7,54.0,33.1,4.6,0.11
2015-04-22,21997,12.904648361140158,22,Wednesday,4,2015-04-22,58.8,66.9,50.0,8.9,0.07
2015-12-26,13914,23.21140697618705,26,Saturday,12,2015-12-26,54.5,64.0,50.0,7.7,0.03
2015-09-13,34794,20.105077503784177,13,Sunday,9,2015-09-13,72.6,79.0,68.0,8.8,0.22
2015-02-10,10328,10.637577459333851,10,Tuesday,2,2015-02-10,29.9,39.0,26.1,11.0,0.04
2015-03-31,14250,12.694670175438596,31,Tuesday,3,2015-03-31,42.8,55.0,34.0,9.6,0.0
2015-03-14,3906,12.147486772486774,14,Saturday,3,2015-03-14,43.6,51.8,37.4,7.1,0.21
2015-12-01,18399,12.88060492418066,1,Tuesday,12,2015-12-01,47.1,53.6,44.1,9.6,0.13
2015-12-22,22941,13.47154802900193,22,Tuesday,12,2015-12-22,56.8,62.6,55.0,6.4,0.0
2018-02-11,8809,11.403112347220652,11,Sunday,2,2018-02-11,45.6,60.1,37.9,4.7,0.82
2018-02-07,15289,10.588302047223491,7,Wednesday,2,2018-02-07,32.8,46.9,28.0,8.3,0.0
2018-02-23,25634,12.696981222855063,23,Friday,2,2018-02-23,37.8,41.0,37.0,9.1,0.11
2018-05-15,52826,16.032164085866807,15,Tuesday,5,2018-05-15,69.1,91.9,52.0,9.4,0.02
2018-05-23,72655,19.200669602917905,23,Wednesday,5,2018-05-23,66.2,82.0,55.9,5.1,0.42
2018-05-31,55794,13.872895532375049,31,Thursday,5,2018-05-31,64.0,77.0,60.1,7.1,0.0
2018-03-13,23137,11.048184005417008,13,Tuesday,3,2018-03-13,37.3,43.0,33.1,14.1,0.21
2018-04-02,22063,16.397754913958508,2,Monday,4,2018-04-02,39.8,59.0,32.0,8.1,0.4
2018-02-18,21538,17.153192806512514,18,Sunday,2,2018-02-18,37.6,45.0,30.0,8.8,0.62
2018-05-19,18026,15.37086893006398,19,Saturday,5,2018-05-19,54.4,66.9,50.0,10.7,0.2
2018-04-06,35624,13.139786847817948,6,Friday,4,2018-04-06,44.8,62.1,35.1,10.7,0.0
2018-04-03,25881,10.721902811586364,3,Tuesday,4,2018-04-03,40.8,44.1,32.0,7.0,0.15
2018-02-21,53115,30.36244783331763,21,Wednesday,2,2018-02-21,61.8,79.0,46.9,7.7,0.0
2018-02-22,27010,11.093625200543007,22,Thursday,2,2018-02-22,50.6,79.0,37.9,10.1,0.02
2018-01-11,33961,12.06351403080004,11,Thursday,1,2018-01-11,40.1,46.9,26.1,4.8,0.0
2018-04-17,44689,11.757871437415622,17,Tuesday,4,2018-04-17,46.2,61.0,39.9,13.8,1.62
2018-01-24,36078,11.514989744442598,24,Wednesday,1,2018-01-24,42.9,60.1,34.0,14.2,0.28
2018-05-24,74810,19.328324199082115,24,Thursday,5,2018-05-24,74.5,86.0,57.0,7.6,0.21
2018-01-20,28507,14.608504928614028,20,Saturday,1,2018-01-20,43.4,54.0,26.1,11.0,0.0
2018-04-30,41075,13.162267397037938,30,Monday,4,2018-04-30,49.0,57.9,44.1,15.8,0.15
2018-01-21,27908,14.16123154650996,21,Sunday,1,2018-01-21,46.1,54.0,37.0,5.3,0.0
2018-05-26,51597,32.988507406761364,26,Saturday,5,2018-05-26,82.3,91.9,68.0,9.3,0.0
2018-04-21,63599,23.503453146537943,21,Saturday,4,2018-04-21,48.8,62.1,37.9,10.4,0.0
2018-05-09,78458,18.083681502629865,9,Wednesday,5,2018-05-09,63.5,73.9,54.0,4.8,0.0
2018-04-10,43051,11.534113803008829,10,Tuesday,4,2018-04-10,43.2,50.0,33.1,7.9,0.0
2018-03-16,34921,12.061142292603304,16,Friday,3,2018-03-16,37.6,48.0,34.0,16.7,0.0
2018-02-28,50709,15.028157723481035,28,Wednesday,2,2018-02-28,49.5,62.1,39.9,9.2,0.0
2018-01-27,34351,22.878358708625665,27,Saturday,1,2018-01-27,42.1,57.0,28.0,7.8,0.0
2018-03-01,45564,13.900288970824915,1,Thursday,3,2018-03-01,54.5,62.1,42.1,6.0,0.0
2018-02-26,42570,12.379549369665646,26,Monday,2,2018-02-26,46.1,52.0,39.9,6.4,0.22
2018-01-02,18818,11.343925142593973,2,Tuesday,1,2018-01-02,18.4,26.1,8.1,12.3,0.0
2018-05-08,74313,18.978155908118364,8,Tuesday,5,2018-05-08,61.8,75.0,54.0,5.9,0.0
2013-12-02,24576,12.3826666937934,2,Monday,12,2013-12-02,44.2,48.9,37.0,4.5,0.0
2013-08-16,35991,16.38904911413039,16,Friday,8,2013-08-16,72.6,81.0,63.0,3.7,0.0
2013-09-11,35812,14.02912990059198,11,Wednesday,9,2013-09-11,83.6,93.9,69.1,7.5,0.0
2013-07-15,28069,15.31828232807249,15,Monday,7,2013-07-15,87.2,93.9,72.0,7.8,0.0
2013-07-17,30550,14.669449536279323,17,Wednesday,7,2013-07-17,87.4,97.0,78.1,4.0,0.0
2013-08-23,33503,15.743948303137032,23,Friday,8,2013-08-23,76.2,81.0,72.0,9.0,0.24
2013-12-14,3701,12.055358912005763,14,Saturday,12,2013-12-14,28.6,35.1,24.1,12.0,0.0
2013-10-30,35069,12.160374784947766,30,Wednesday,10,2013-10-30,52.9,60.1,44.1,4.5,0.0
2013-12-08,10090,12.172482656095148,8,Sunday,12,2013-12-08,32.1,37.9,28.4,8.7,0.13
2013-09-23,35152,13.871636037778789,23,Monday,9,2013-09-23,58.5,68.0,52.0,10.6,0.53
2013-07-09,26641,16.098854522477883,9,Tuesday,7,2013-07-09,82.6,91.0,75.0,6.0,0.0
2013-10-17,36888,13.38731430275428,17,Thursday,10,2013-10-17,64.7,73.0,57.0,6.7,0.0
2013-10-09,36969,12.841222375503802,9,Wednesday,10,2013-10-09,59.7,66.0,54.0,12.3,0.0
2013-09-20,39382,14.81144685389264,20,Friday,9,2013-09-20,68.1,78.1,57.0,5.8,0.0
2013-07-16,29842,15.128550923753991,16,Tuesday,7,2013-07-16,86.5,93.9,79.0,7.9,0.0
2013-10-14,33018,13.908640741413771,14,Monday,10,2013-10-14,58.0,64.9,53.1,6.6,0.0
2013-10-01,40575,13.706243992606286,1,Tuesday,10,2013-10-01,68.9,81.0,57.9,5.5,0.0
2013-12-28,12022,16.256094382520935,28,Saturday,12,2013-12-28,42.4,55.0,32.0,9.3,0.0
2013-11-06,34826,13.005698328834775,6,Wednesday,11,2013-11-06,53.2,61.0,42.1,5.9,0.0
2013-08-17,37285,20.104246122211787,17,Saturday,8,2013-08-17,73.6,81.0,66.9,5.2,0.0
2013-07-27,32470,18.91439841905348,27,Saturday,7,2013-07-27,76.9,84.0,64.9,8.5,0.0
2013-11-21,28752,11.772228598590244,21,Thursday,11,2013-11-21,41.6,52.0,32.0,6.4,0.0
2013-07-22,25979,14.700189255424249,22,Monday,7,2013-07-22,77.1,87.1,75.0,8.3,0.0
2013-12-17,7863,12.22394548306414,17,Tuesday,12,2013-12-17,27.2,34.0,24.1,7.3,0.0
2013-09-03,32411,14.437786553947737,3,Tuesday,9,2013-09-03,76.2,82.0,72.0,6.7,0.99
2013-07-12,19006,15.635127503595356,12,Friday,7,2013-07-12,75.4,86.0,72.0,9.1,0.0
2013-11-17,17995,13.467926275817357,17,Sunday,11,2013-11-17,52.6,60.8,48.2,4.5,0.02
2013-08-26,29979,15.47495413456086,26,Monday,8,2013-08-26,75.3,84.0,66.9,9.1,0.0
2013-12-09,14824,10.718746627091202,9,Monday,12,2013-12-09,34.5,39.2,28.9,10.9,0.19
2013-10-13,28832,15.950881543655202,13,Sunday,10,2013-10-13,60.9,72.0,57.0,15.0,0.0
2013-10-02,41383,13.913752023777878,2,Wednesday,10,2013-10-02,73.9,84.0,62.1,6.0,0.0
2013-09-28,34931,17.024874753084653,28,Saturday,9,2013-09-28,64.4,73.0,57.0,7.3,0.0
2013-07-18,28869,14.380492338956431,18,Thursday,7,2013-07-18,89.3,100.0,78.1,6.3,0.0
2013-09-13,36501,14.655901208186076,13,Friday,9,2013-09-13,71.3,86.0,68.0,9.4,1.3
2013-08-28,28185,14.159055644255211,28,Wednesday,8,2013-08-28,78.0,86.0,73.0,3.2,0.1
2013-10-05,34181,16.759140068069005,5,Saturday,10,2013-10-05,68.3,86.0,64.0,6.7,0.03
2013-08-19,33127,14.89228172387076,19,Monday,8,2013-08-19,73.5,80.1,68.0,5.5,0.0
2013-11-29,10127,13.154390902208617,29,Friday,11,2013-11-29,34.1,39.0,30.9,7.2,0.0
2013-11-13,23633,11.12514986106997,13,Wednesday,11,2013-11-13,34.0,52.0,30.0,13.4,0.01
2013-09-19,39200,14.114456207482997,19,Thursday,9,2013-09-19,65.0,77.0,55.0,5.4,0.0
2013-07-13,26119,18.61566101305563,13,Saturday,7,2013-07-13,71.4,78.1,68.0,10.5,0.23
2013-08-02,35792,16.09049647966026,2,Friday,8,2013-08-02,75.5,86.0,69.1,7.3,0.5
2013-07-14,29287,19.36267115102264,14,Sunday,7,2013-07-14,80.2,93.9,69.1,6.0,0.01
2013-07-04,22326,21.2184739765296,4,Thursday,7,2013-07-04,82.0,91.0,73.9,8.6,0.96
2013-11-12,19925,11.081814303638648,12,Tuesday,11,2013-11-12,43.9,53.1,34.0,13.4,0.02
2013-10-19,29548,15.613899417896302,19,Saturday,10,2013-10-19,59.4,69.1,54.0,5.9,0.0
2013-08-18,27612,16.943679680332224,18,Sunday,8,2013-08-18,72.5,81.0,68.0,5.2,0.0
2013-08-30,32318,15.444152897250245,30,Friday,8,2013-08-30,75.4,86.0,69.1,7.4,0.0
2013-08-04,35253,19.719960003403965,4,Sunday,8,2013-08-04,74.6,81.0,70.0,8.7,0.01
2013-08-05,36776,16.11843684286854,5,Monday,8,2013-08-05,71.5,81.0,64.0,9.4,0.0
2013-09-27,37412,14.230190402366445,27,Friday,9,2013-09-27,61.5,69.1,57.0,6.4,0.0
2013-07-07,20477,18.63832348488548,7,Sunday,7,2013-07-07,88.8,98.1,79.0,8.8,0.0
2013-12-27,11720,12.43603384527872,27,Friday,12,2013-12-27,35.6,39.9,30.0,10.3,0.0
2013-08-11,33060,19.430590340794524,11,Sunday,8,2013-08-11,74.8,84.0,66.9,5.7,0.0
2013-07-23,32376,15.737208117123796,23,Tuesday,7,2013-07-23,80.0,91.0,75.0,7.4,0.58
2013-10-16,36911,13.337352460422816,16,Wednesday,10,2013-10-16,60.1,70.0,55.9,5.6,0.0
2013-10-18,38122,13.878873091653112,18,Friday,10,2013-10-18,64.2,73.0,57.9,11.5,0.01
2013-09-08,33196,17.081960175924806,8,Sunday,9,2013-09-08,73.9,80.1,61.0,8.7,0.0
2013-09-24,38417,13.784679525557264,24,Tuesday,9,2013-09-24,59.1,73.0,50.0,8.0,0.0
2013-09-18,37957,13.932727384496491,18,Wednesday,9,2013-09-18,61.8,71.1,48.9,5.0,0.0
2013-10-04,40195,14.673060082099765,4,Friday,10,2013-10-04,74.0,86.0,64.9,4.9,0.0
2013-10-26,24569,14.574459006607244,26,Saturday,10,2013-10-26,49.5,55.9,42.1,10.1,0.0
2013-11-05,31493,12.214110013865517,5,Tuesday,11,2013-11-05,46.8,55.0,34.0,6.7,0.0
2013-09-07,34419,17.37581810434159,7,Saturday,9,2013-09-07,68.3,79.0,57.0,6.5,0.0
2013-12-25,3260,13.754074642126788,25,Wednesday,12,2013-12-25,25.6,42.1,19.0,10.3,0.0
2013-12-11,18766,11.960985292550358,11,Wednesday,12,2013-12-11,30.7,39.0,27.0,13.2,0.22
2013-08-08,28366,14.319887071376533,8,Thursday,8,2013-08-08,75.0,82.0,71.1,9.1,0.16
2013-09-10,36954,14.481477873392144,10,Tuesday,9,2013-09-10,74.8,88.0,57.9,8.8,0.0
2013-12-13,17888,12.056676729278475,13,Friday,12,2013-12-13,28.2,35.1,23.0,13.0,0.0
2013-12-16,15562,11.222348241442829,16,Monday,12,2013-12-16,31.0,39.0,26.1,12.0,0.77
2013-10-31,31444,12.928038735529826,31,Thursday,10,2013-10-31,59.3,66.9,48.0,6.2,0.0
2013-07-21,30297,18.70789902190536,21,Sunday,7,2013-07-21,82.2,95.0,77.0,7.6,0.0
2013-11-16,25194,15.311708475562964,16,Saturday,11,2013-11-16,51.9,59.0,43.0,5.5,0.03
2013-11-27,7976,11.025576730190568,27,Wednesday,11,2013-11-27,48.0,60.1,34.0,13.7,1.91
2013-10-06,26574,14.68550901884047,6,Sunday,10,2013-10-06,66.5,73.0,64.0,7.6,0.01
2013-09-02,21416,16.858852415639397,2,Monday,9,2013-09-02,76.9,80.6,71.6,4.8,0.0
2013-09-21,31826,17.045906910492466,21,Saturday,9,2013-09-21,67.4,78.1,61.0,9.4,0.0
2013-12-31,10424,13.239233179841394,31,Tuesday,12,2013-12-31,26.0,44.1,21.0,9.9,0.0
2013-07-19,26591,14.671052862497335,19,Friday,7,2013-07-19,92.5,100.0,82.9,8.9,0.0
2013-11-19,27417,11.477858019963284,19,Tuesday,11,2013-11-19,48.3,64.9,41.0,16.8,0.23
2013-11-09,21734,14.408419220269314,9,Saturday,11,2013-11-09,44.3,50.0,39.9,10.3,0.0
2013-10-23,32365,12.022630413512536,23,Wednesday,10,2013-10-23,52.8,68.0,50.0,7.8,0.0
2013-09-06,35868,14.809940150923758,6,Friday,9,2013-09-06,64.8,77.0,57.0,7.5,0.0
2013-08-29,34215,14.31313556432364,29,Thursday,8,2013-08-29,74.6,84.9,71.1,7.3,0.0
2015-12-27,13177,21.124116516151886,27,Sunday,12,2015-12-27,52.4,62.6,46.0,6.8,0.14
2015-04-08,17872,13.84869068934646,8,Wednesday,4,2015-04-08,43.0,57.0,39.9,12.3,0.16
2015-09-12,33661,19.277701692364072,12,Saturday,9,2015-09-12,74.6,81.0,66.0,7.2,0.0
2015-08-19,40726,15.054147637054134,19,Wednesday,8,2015-08-19,80.2,89.1,75.9,9.6,0.0
2015-06-02,11984,11.23334445927904,2,Tuesday,6,2015-06-02,52.0,57.9,50.0,10.2,0.47
2015-08-21,38038,14.394969504180027,21,Friday,8,2015-08-21,78.7,87.1,71.1,9.1,0.32
2015-03-20,8052,11.094823232323233,20,Friday,3,2015-03-20,34.4,42.1,28.9,8.4,0.0
2015-04-21,24868,16.30488110557075,21,Tuesday,4,2015-04-21,57.4,66.9,45.0,9.0,0.95
2015-07-07,36837,14.438571273447888,7,Tuesday,7,2015-07-07,79.5,88.0,71.1,9.2,0.0
2015-12-18,30704,14.703712328469688,18,Friday,12,2015-12-18,51.1,59.0,43.0,9.6,0.88
2015-11-11,37705,14.9378110772223,11,Wednesday,11,2015-11-11,53.2,59.0,50.0,12.7,0.5
2015-06-27,15485,15.897769884834789,27,Saturday,6,2015-06-27,69.0,80.1,62.1,8.5,0.0
2015-06-30,38087,14.458011044888456,30,Tuesday,6,2015-06-30,75.3,82.0,64.0,9.5,0.0
2015-05-24,25151,21.73567518852796,24,Sunday,5,2015-05-24,65.7,81.0,50.0,8.7,0.0
2015-11-04,49487,16.94128154868956,4,Wednesday,11,2015-11-04,61.5,73.0,51.1,3.6,0.0
2015-03-09,14878,12.643708831832232,9,Monday,3,2015-03-09,44.9,54.0,35.1,6.5,0.02
2015-09-16,51179,16.262160586698972,16,Wednesday,9,2015-09-16,76.8,87.1,64.9,2.7,0.0
2015-07-15,34979,14.368374834424465,15,Wednesday,7,2015-07-15,75.9,81.0,71.1,6.5,0.95
2015-04-04,14355,15.031241147103216,4,Saturday,4,2015-04-04,52.0,63.0,46.9,14.3,0.04
2015-09-10,22253,12.542506628319773,10,Thursday,9,2015-09-10,75.3,89.1,72.0,8.5,0.66
2015-07-18,28870,18.41591790786284,18,Saturday,7,2015-07-18,76.3,86.0,68.0,9.5,0.0
2015-05-19,33895,14.039197030043766,19,Tuesday,5,2015-05-19,61.6,82.0,55.0,6.2,0.01
2015-08-23,33071,18.21814328767399,23,Sunday,8,2015-08-23,75.8,84.0,70.0,5.9,0.0
2015-06-22,37677,15.116288009484126,22,Monday,6,2015-06-22,79.6,90.0,69.1,10.1,0.29
2015-03-17,14857,11.778551075811624,17,Tuesday,3,2015-03-17,47.9,54.0,36.0,10.6,0.0
2015-05-30,31147,18.942095546922655,30,Saturday,5,2015-05-30,73.1,82.9,64.0,9.8,0.0
2015-11-19,21890,14.644936805238313,19,Thursday,11,2015-11-19,59.7,64.0,45.0,11.7,0.0
2015-01-13,12797,10.308126904743302,13,Tuesday,1,2015-01-13,30.2,39.0,19.0,12.1,0.39
2015-02-07,6790,11.441013745704463,7,Saturday,2,2015-02-07,29.0,36.0,12.0,7.1,0.0
2015-01-22,15864,10.675724911749873,22,Thursday,1,2015-01-22,34.0,39.0,25.0,5.3,0.0
2015-05-05,33012,16.947328244274818,5,Tuesday,5,2015-05-05,72.7,82.0,54.0,7.5,0.0
2015-01-31,5188,10.446366615266005,31,Saturday,1,2015-01-31,20.4,37.0,12.9,21.5,0.01
2015-01-16,13843,10.42284668544872,16,Friday,1,2015-01-16,34.0,42.1,25.0,13.0,0.0
2015-10-15,48783,17.14110004168119,15,Thursday,10,2015-10-15,58.5,68.0,52.0,9.1,0.0
2015-07-19,28531,19.219338614139,19,Sunday,7,2015-07-19,84.3,93.9,72.0,5.9,0.18
2015-10-04,30214,20.876187639284215,4,Sunday,10,2015-10-04,57.1,63.0,48.9,18.2,0.02
2015-04-15,27594,16.236471696745664,15,Wednesday,4,2015-04-15,59.1,70.0,51.1,7.4,0.0
2015-09-18,50285,17.841787478041827,18,Friday,9,2015-09-18,76.9,87.1,70.0,5.0,0.0
2015-04-18,28174,22.166673173848228,18,Saturday,4,2015-04-18,66.0,79.0,54.0,5.7,0.0
2015-06-04,32772,13.391322368688718,4,Thursday,6,2015-06-04,58.1,69.1,53.1,9.4,0.0
2015-06-25,39673,14.255832262075808,25,Thursday,6,2015-06-25,76.8,84.9,69.1,6.0,0.0
2015-10-11,38967,25.43378927468542,11,Sunday,10,2015-10-11,59.7,70.0,52.0,6.2,0.0
2015-03-23,13538,10.822777859851282,23,Monday,3,2015-03-23,30.5,44.1,24.1,12.3,0.0
2015-04-30,29252,15.552346278317152,30,Thursday,4,2015-04-30,52.4,75.9,46.9,13.1,0.0
2015-12-28,18889,14.818268127834545,28,Monday,12,2015-12-28,44.8,62.1,39.0,11.7,0.02
2015-08-08,38723,21.16163692551369,8,Saturday,8,2015-08-08,74.7,82.0,69.1,6.0,0.0
2015-02-12,11269,10.797302333836184,12,Thursday,2,2015-02-12,32.3,39.9,21.9,6.9,0.0
2015-10-28,20736,14.432488586676955,28,Wednesday,10,2015-10-28,56.9,70.0,46.0,12.7,0.0
2015-05-17,30969,19.89008255567395,17,Sunday,5,2015-05-17,70.4,82.9,57.0,3.2,0.28
2015-04-25,21082,18.3834479650887,25,Saturday,4,2015-04-25,46.1,60.1,39.0,11.8,0.0
2015-01-08,8779,9.931015301666855,8,Thursday,1,2015-01-08,13.2,25.0,8.1,14.6,0.0
2015-09-08,42766,15.736452243994448,8,Tuesday,9,2015-09-08,83.3,95.0,71.1,7.8,0.0
2015-02-19,7799,9.925582339616192,19,Thursday,2,2015-02-19,22.0,30.9,15.1,14.9,0.0
2015-08-10,39870,20.883078755956863,10,Monday,8,2015-08-10,74.5,84.0,70.0,8.5,0.0
2015-10-07,50141,16.42213956642269,7,Wednesday,10,2015-10-07,64.6,73.0,55.0,5.5,0.0
2015-10-16,46484,17.561983334767515,16,Friday,10,2015-10-16,59.0,64.0,52.0,10.0,0.0
2015-08-29,34381,21.11088197938784,29,Saturday,8,2015-08-29,76.8,84.9,66.0,5.3,0.0
2015-12-19,17778,14.954873064086703,19,Saturday,12,2015-12-19,39.2,57.0,36.0,15.5,0.01
2015-08-03,38888,14.867800692587256,3,Monday,8,2015-08-03,82.5,91.9,73.0,9.1,0.0
2015-02-01,6441,10.635820007245254,1,Sunday,2,2015-02-01,27.5,36.0,12.9,8.8,0.0
2015-11-08,32317,19.78849264061227,8,Sunday,11,2015-11-08,53.5,72.0,48.0,9.9,0.0
2015-11-21,28038,16.86766887795135,21,Saturday,11,2015-11-21,47.2,64.0,43.0,8.7,0.0
2015-11-28,15830,17.995388502842697,28,Saturday,11,2015-11-28,57.2,64.9,46.9,6.8,0.0
2015-07-09,31978,15.26879052265099,9,Thursday,7,2015-07-09,73.8,89.1,68.0,6.4,0.09
2015-02-27,9864,10.997024533657738,27,Friday,2,2015-02-27,23.7,32.0,19.0,7.3,0.0
2015-07-11,31719,18.81751263701041,11,Saturday,7,2015-07-11,78.6,86.0,72.0,3.8,0.0
2015-11-23,30136,13.275741084859742,23,Monday,11,2015-11-23,41.8,55.9,36.0,13.2,0.0
2015-05-18,31559,16.207773271227435,18,Monday,5,2015-05-18,63.6,75.9,55.4,7.5,0.02
2015-10-02,9444,18.695468022024563,2,Friday,10,2015-10-02,53.9,57.9,50.0,16.3,0.13
2015-12-15,38661,13.750234517127508,15,Tuesday,12,2015-12-15,60.7,64.4,55.0,12.4,0.39
2015-08-04,40783,14.24581688448618,4,Tuesday,8,2015-08-04,83.1,91.0,69.8,9.7,0.3
2015-10-05,44581,18.53719446999095,5,Monday,10,2015-10-05,57.2,64.9,51.8,11.5,0.0
2015-11-20,38205,16.313732059503554,20,Friday,11,2015-11-20,58.9,64.4,53.1,12.5,1.16
2013-11-15,29051,12.719770403772676,15,Friday,11,2013-11-15,49.1,57.0,34.0,6.2,0.0
2013-12-19,18766,11.242665814060892,19,Thursday,12,2013-12-19,36.6,45.0,24.1,9.6,0.0
2013-10-15,37534,13.481594465462427,15,Tuesday,10,2013-10-15,60.4,70.0,53.1,4.7,0.0
2013-09-25,38223,13.994420898411956,25,Wednesday,9,2013-09-25,64.1,73.0,50.0,5.4,0.0
2013-09-17,38283,13.883002028750791,17,Tuesday,9,2013-09-17,58.2,72.0,48.9,10.1,0.02
2013-12-12,17214,11.461365748809111,12,Thursday,12,2013-12-12,27.6,34.0,23.0,12.5,0.0
2013-09-30,37148,13.72839722192312,30,Monday,9,2013-09-30,63.9,73.0,57.9,4.1,0.0
2013-07-25,31084,14.937073199502423,25,Thursday,7,2013-07-25,68.0,82.9,64.0,11.7,0.0
2013-10-29,33414,12.575373097105,29,Tuesday,10,2013-10-29,50.5,61.0,44.1,8.0,0.0
2013-07-20,25278,17.94782155761268,20,Saturday,7,2013-07-20,89.2,100.0,82.9,11.3,0.0
2013-11-24,9392,11.097677101078927,24,Sunday,11,2013-11-24,29.4,55.0,24.1,22.2,0.02
2013-07-03,21864,16.238808086351995,3,Wednesday,7,2013-07-03,78.5,84.9,73.9,8.8,0.06
2013-09-29,32592,16.523521109474714,29,Sunday,9,2013-09-29,64.6,73.0,57.9,4.9,0.0
2013-11-02,31013,16.58799052010447,2,Saturday,11,2013-11-02,61.5,70.0,55.0,5.7,0.05
2013-11-23,18996,14.306489962799189,23,Saturday,11,2013-11-23,47.4,57.0,39.9,12.8,0.07
2013-12-23,6956,11.885990511788382,23,Monday,12,2013-12-23,58.5,69.1,50.0,6.2,0.09
2013-07-08,21615,21.492164392011723,8,Monday,7,2013-07-08,83.7,98.1,75.0,8.9,0.0
2013-08-24,32941,18.07967173633669,24,Saturday,8,2013-08-24,71.5,81.0,64.0,8.9,0.0
2013-09-14,31607,16.690705118064564,14,Saturday,9,2013-09-14,61.6,77.0,55.9,10.8,0.03
2013-11-03,20798,13.26386030708081,3,Sunday,11,2013-11-03,50.9,68.0,42.1,11.2,0.01
2013-12-24,11025,12.736034769463345,24,Tuesday,12,2013-12-24,39.2,62.1,34.0,10.7,0.44
2013-07-29,34915,15.691451620602413,29,Monday,7,2013-07-29,77.3,89.1,71.1,5.7,0.13
2013-07-11,24417,16.828634421373085,11,Thursday,7,2013-07-11,82.3,91.0,75.0,7.6,0.02
2013-09-09,35394,15.2624799871918,9,Monday,9,2013-09-09,65.9,80.1,57.9,7.7,0.0
2013-12-05,26988,12.383790326564894,5,Thursday,12,2013-12-05,48.6,57.9,39.0,5.3,0.01
2013-12-07,15545,12.230484614559876,7,Saturday,12,2013-12-07,38.2,43.0,35.6,10.7,0.81
2013-07-10,25732,15.531954375874395,10,Wednesday,7,2013-07-10,82.0,91.0,75.0,8.7,0.08
2013-10-20,29256,15.908528165162696,20,Sunday,10,2013-10-20,58.4,64.0,51.1,10.4,0.0
2013-08-09,29017,15.138192553790306,9,Friday,8,2013-08-09,78.2,89.1,71.1,9.2,0.08
2013-08-01,20138,13.377141887641937,1,Thursday,8,2013-08-01,73.5,82.0,69.1,7.6,0.0
2013-12-30,13241,12.348442967550293,30,Monday,12,2013-12-30,40.5,48.0,28.9,11.3,1.2
2013-10-03,40456,13.724642409860914,3,Thursday,10,2013-10-03,72.6,84.0,64.9,4.3,0.0
2013-10-22,36338,12.581991762525917,22,Tuesday,10,2013-10-22,59.6,68.0,52.0,7.6,0.0
2013-08-14,38150,15.555132372214944,14,Wednesday,8,2013-08-14,69.5,78.1,62.1,12.4,0.73
2013-10-07,25016,12.651673595565509,7,Monday,10,2013-10-07,70.7,77.0,64.0,11.8,0.33
2013-10-21,35012,13.790265718420352,21,Monday,10,2013-10-21,59.3,66.9,51.1,7.3,0.0
2013-09-15,31914,17.268670489440368,15,Sunday,9,2013-09-15,61.5,73.0,54.0,6.9,0.0
2013-12-01,13326,13.558320826454548,1,Sunday,12,2013-12-01,41.1,48.9,25.0,3.2,0.0
2013-08-10,37201,20.443239877064237,10,Saturday,8,2013-08-10,78.3,89.1,72.0,8.9,0.04
2013-12-15,7462,15.226145805414095,15,Sunday,12,2013-12-15,33.7,39.0,24.1,14.2,1.21
2013-12-10,12850,11.553900129701685,10,Tuesday,12,2013-12-10,36.0,39.0,32.0,8.5,0.07
2013-08-13,22437,15.649830636894416,13,Tuesday,8,2013-08-13,74.0,82.0,70.0,5.3,0.01
2013-07-28,23508,17.543573109863306,28,Sunday,7,2013-07-28,74.8,84.0,71.1,7.6,0.0
2013-12-18,14924,11.485891852050385,18,Wednesday,12,2013-12-18,28.6,37.0,24.1,9.4,0.16
2013-10-10,31171,12.400746420283811,10,Thursday,10,2013-10-10,59.1,66.0,54.0,13.2,0.0
2013-10-28,31498,12.784571507185644,28,Monday,10,2013-10-28,53.0,61.0,44.1,7.7,0.0
2013-12-06,10736,11.621933991554888,6,Friday,12,2013-12-06,50.5,57.9,42.8,7.1,0.05
2013-11-26,14999,13.040990510478476,26,Tuesday,11,2013-11-26,36.0,39.9,24.1,7.0,0.0
2013-08-07,34396,14.686894793968293,7,Wednesday,8,2013-08-07,74.4,82.0,66.9,9.5,0.0
2013-09-04,36798,15.071607152562642,4,Wednesday,9,2013-09-04,73.3,82.0,66.0,10.4,0.09
2013-08-20,35843,14.97470914822978,20,Tuesday,8,2013-08-20,77.5,89.1,68.0,4.5,0.0
2013-12-04,28199,12.26993628615672,4,Wednesday,12,2013-12-04,43.8,53.1,37.9,4.3,0.0
2013-11-14,27040,13.027827292899406,14,Thursday,11,2013-11-14,41.0,53.1,30.0,11.6,0.0
2013-07-01,16650,16.30998798798799,1,Monday,7,2013-07-01,74.8,78.1,73.4,7.8,0.0
2013-11-07,25719,11.869835530152804,7,Thursday,11,2013-11-07,58.3,63.0,46.9,9.2,0.0
2013-08-15,37386,15.298375060182956,15,Thursday,8,2013-08-15,69.8,78.1,62.1,8.2,0.0
2013-08-25,31755,19.06320369495617,25,Sunday,8,2013-08-25,73.8,82.9,64.0,4.8,0.0
2013-11-11,27295,12.653236856567135,11,Monday,11,2013-11-11,48.6,60.1,44.1,13.6,0.0
2013-08-31,25381,17.858579252196527,31,Saturday,8,2013-08-31,78.5,86.0,69.1,8.8,0.0
2013-11-22,25448,12.094384627475636,22,Friday,11,2013-11-22,52.4,57.0,36.0,6.4,0.0
2013-12-22,15063,15.070312465423,22,Sunday,12,2013-12-22,58.4,69.1,50.0,9.0,0.01
2013-09-16,31287,13.80418065011027,16,Monday,9,2013-09-16,65.8,73.0,54.0,6.9,0.0
2013-11-28,5204,13.905294004611838,28,Thursday,11,2013-11-28,34.1,39.2,30.9,17.9,0.3
2013-08-27,34208,15.067807725288436,27,Tuesday,8,2013-08-27,78.3,86.0,70.0,10.6,0.01
2013-07-26,34534,15.667923881778346,26,Friday,7,2013-07-26,71.5,84.0,64.0,8.6,0.02
2013-07-24,35271,15.592202753914924,24,Wednesday,7,2013-07-24,79.9,91.0,75.0,7.8,0.31
2013-07-05,21842,18.04044348808107,5,Friday,7,2013-07-05,84.4,93.0,75.9,9.0,0.0
2013-11-18,30615,13.219170885731396,18,Monday,11,2013-11-18,60.3,64.9,48.9,11.4,0.25
2013-11-01,30384,13.633155059680538,1,Friday,11,2013-11-01,65.9,70.0,53.1,12.1,0.05
2013-08-06,37702,16.15920508195851,6,Tuesday,8,2013-08-06,73.9,82.0,64.0,6.3,0.0
2013-10-08,38365,13.77967896085842,8,Tuesday,10,2013-10-08,61.6,77.0,55.9,10.2,0.0
2014-12-10,10399,11.292754110972208,10,Wednesday,12,2014-12-10,38.6,45.0,32.0,14.8,2.26
2014-09-30,35093,15.192419665840294,30,Tuesday,9,2014-09-30,69.0,73.9,64.4,6.2,0.0
2014-01-26,4980,11.96215194109772,26,Sunday,1,2014-01-26,21.9,27.0,18.0,12.7,0.02
2014-06-25,34340,13.13611386138614,25,Wednesday,6,2014-06-25,75.4,84.0,69.1,10.3,0.0
2014-04-30,2867,9.495395884199514,30,Wednesday,4,2014-04-30,44.5,51.1,42.1,14.1,0.55
2014-06-12,29084,12.583449663044975,12,Thursday,6,2014-06-12,63.6,75.9,59.0,9.0,0.01
2014-05-17,29912,17.701291566372472,17,Saturday,5,2014-05-17,62.2,71.1,54.0,9.8,1.58
2014-01-05,2678,13.737303958177746,5,Sunday,1,2014-01-05,29.1,35.6,26.1,4.8,0.0
2014-07-04,13612,15.486074786952688,4,Friday,7,2014-07-04,71.1,89.1,64.9,8.5,0.71
2014-06-04,36068,13.843021977006396,4,Wednesday,6,2014-06-04,69.5,84.9,62.1,6.8,0.06
2014-12-08,15557,11.212750958839536,8,Monday,12,2014-12-08,29.8,34.0,24.8,13.7,0.03
2014-09-18,37381,15.109120052076369,18,Thursday,9,2014-09-18,67.6,75.0,59.0,4.6,0.0
2014-06-23,32580,13.948640781665642,23,Monday,6,2014-06-23,73.2,82.0,64.0,6.2,0.0
2014-07-07,31863,14.02582933182688,7,Monday,7,2014-07-07,81.3,91.9,69.1,11.4,0.0
2014-07-08,32713,13.311302336481925,8,Tuesday,7,2014-07-08,83.8,93.0,72.0,10.7,0.18
2014-05-15,26057,12.978048764887232,15,Thursday,5,2014-05-15,60.7,75.0,51.1,8.5,0.14
2014-06-09,18611,12.932912435298126,9,Monday,6,2014-06-09,68.0,84.9,62.1,7.0,0.45
2014-11-27,3945,11.856244190959018,27,Thursday,11,2014-11-27,36.5,51.1,34.0,11.3,1.07
2014-03-29,4480,11.0665662202381,29,Saturday,3,2014-03-29,48.3,60.1,37.9,6.7,0.03
2014-02-26,11188,11.072612024788464,26,Wednesday,2,2014-02-26,28.0,33.1,24.1,9.2,0.0
2014-10-15,28743,13.511033990884735,15,Wednesday,10,2014-10-15,71.9,78.1,64.0,12.9,0.0
2014-10-06,31742,13.726223405372483,6,Monday,10,2014-10-06,59.2,71.1,46.9,8.5,0.0
2014-11-23,15669,14.317903716467756,23,Sunday,11,2014-11-23,46.9,55.0,28.9,7.9,0.0
2014-12-04,21335,11.880248418092334,4,Thursday,12,2014-12-04,42.0,46.9,37.9,11.3,0.09
2014-07-18,36105,14.457257997507272,18,Friday,7,2014-07-18,74.6,82.9,68.0,6.1,0.0
2014-05-12,31644,14.389985463278975,12,Monday,5,2014-05-12,73.2,82.0,62.1,4.4,0.02
2014-01-19,9028,13.605822625904592,19,Sunday,1,2014-01-19,29.8,39.0,25.0,12.1,0.15
2014-08-07,36362,13.85248473681316,7,Thursday,8,2014-08-07,75.2,84.0,66.9,8.1,0.0
2014-06-01,31333,18.015508143703656,1,Sunday,6,2014-06-01,65.1,77.0,57.0,6.0,0.01
2014-08-18,34339,14.094628556451848,18,Monday,8,2014-08-18,72.6,82.9,64.0,8.8,0.01
2014-10-12,23394,17.592083440198344,12,Sunday,10,2014-10-12,55.1,62.1,48.9,5.3,0.2
2014-04-22,27259,12.705970505154257,22,Tuesday,4,2014-04-22,56.4,66.0,41.0,7.7,0.0
2014-11-01,6002,11.192083194490726,1,Saturday,11,2014-11-01,48.1,55.0,45.0,15.1,0.05
2014-04-15,10523,10.554770502708354,15,Tuesday,4,2014-04-15,56.9,61.0,44.6,13.7,0.1
2014-01-06,9510,12.805073606729758,6,Monday,1,2014-01-06,44.7,53.1,25.0,11.2,0.17
2014-09-13,17293,15.20722643073305,13,Saturday,9,2014-09-13,65.1,71.1,60.8,10.5,0.0
2014-06-03,29501,13.369560918838909,3,Tuesday,6,2014-06-03,75.7,84.9,61.0,7.4,0.0
2014-12-19,17200,11.366994186046506,19,Friday,12,2014-12-19,36.8,43.0,33.1,13.5,0.0
2014-01-09,13354,10.864896909789827,9,Thursday,1,2014-01-09,25.7,33.1,9.0,7.0,0.0
2014-09-01,23575,19.54563308589608,1,Monday,9,2014-09-01,80.3,91.9,73.0,5.6,0.79
2014-03-16,9851,12.279863296450449,16,Sunday,3,2014-03-16,37.7,57.9,30.0,14.2,0.0
2014-08-20,35532,14.048568426582612,20,Wednesday,8,2014-08-20,75.4,84.0,64.9,6.2,0.0
2014-04-20,18464,16.7138007293472,20,Sunday,4,2014-04-20,51.6,64.9,42.1,9.2,0.0
2014-06-29,27986,17.305518235308135,29,Sunday,6,2014-06-29,74.9,87.1,69.1,7.5,0.0
2014-04-29,18404,11.008666594218653,29,Tuesday,4,2014-04-29,49.9,64.0,44.1,13.4,0.0
2014-03-28,18425,12.244414292175485,28,Friday,3,2014-03-28,44.9,60.1,23.0,8.1,0.0
2014-07-13,24869,15.259172061602802,13,Sunday,7,2014-07-13,75.3,86.0,71.1,10.1,0.0
2014-11-19,16694,13.006334611237572,19,Wednesday,11,2014-11-19,26.7,46.0,21.9,12.9,0.0
2014-12-27,10247,16.139143163852832,27,Saturday,12,2014-12-27,47.4,55.0,39.9,4.6,0.0
2014-09-24,35481,14.156379940437605,24,Wednesday,9,2014-09-24,65.0,73.0,54.0,8.1,0.0
2014-11-03,26757,13.746447035666677,3,Monday,11,2014-11-03,48.1,62.1,41.0,13.6,0.0
2014-10-08,33607,16.68394828458357,8,Wednesday,10,2014-10-08,67.6,73.0,64.0,13.5,0.06
2014-07-20,30296,17.056757767802132,20,Sunday,7,2014-07-20,71.2,77.0,66.9,9.1,0.0
2014-08-27,33721,13.675883475183614,27,Wednesday,8,2014-08-27,79.0,89.1,71.1,7.0,0.0
2014-10-25,24952,16.5570815966656,25,Saturday,10,2014-10-25,58.7,68.0,51.1,8.3,0.0
2014-01-01,6059,15.377444022666005,1,Wednesday,1,2014-01-01,28.9,33.1,21.0,9.4,0.0
2014-07-10,36288,13.710673868312757,10,Thursday,7,2014-07-10,76.3,88.0,70.0,5.5,0.0
2014-02-08,5986,17.37770353045997,8,Saturday,2,2014-02-08,26.8,33.1,21.9,8.0,0.0
2014-11-20,20611,12.01312325133828,20,Thursday,11,2014-11-20,38.1,46.0,21.9,11.2,0.0
2014-02-22,13044,16.471369978534188,22,Saturday,2,2014-02-22,45.5,55.0,34.0,9.4,0.11
2014-12-26,9895,14.202627589691764,26,Friday,12,2014-12-26,45.3,63.0,39.9,9.4,0.07
2018-02-20,44480,17.40954024280575,20,Tuesday,2,2018-02-20,53.9,70.0,33.1,6.9,0.03
2018-03-02,6855,13.452285436421102,2,Friday,3,2018-03-02,41.9,57.9,35.6,19.1,1.47
2018-04-26,66077,16.63759326240598,26,Thursday,4,2018-04-26,59.6,70.0,50.0,9.9,0.29
2018-03-29,39293,16.089561754001988,29,Thursday,3,2018-03-29,49.6,53.1,39.0,5.2,0.03
2018-05-10,67455,16.107224816544363,10,Thursday,5,2018-05-10,59.4,73.9,54.0,6.5,0.0
2018-05-30,72321,16.616023238985452,30,Wednesday,5,2018-05-30,69.0,87.1,63.0,7.8,0.0
2018-03-08,28440,11.289906235349273,8,Thursday,3,2018-03-08,37.4,42.1,34.0,12.7,0.8
2018-02-14,39591,13.461018918441058,14,Wednesday,2,2018-02-14,40.5,54.0,27.0,6.8,0.01
2018-02-08,31564,17.38828834537235,8,Thursday,2,2018-02-08,32.8,46.9,26.1,12.9,0.85
2018-05-29,69090,17.065852511217244,29,Tuesday,5,2018-05-29,72.8,87.1,55.9,6.0,0.0
2018-05-07,68917,17.65035283988953,7,Monday,5,2018-05-07,62.1,75.0,54.0,5.6,0.0
2018-03-03,28364,16.372609646030178,3,Saturday,3,2018-03-03,40.6,46.9,36.0,20.1,0.71
2018-01-01,5500,20.7718,1,Monday,1,2018-01-01,12.6,21.9,8.1,15.1,0.0
2018-02-09,31567,11.61065036272056,9,Friday,2,2018-02-09,30.8,36.0,26.1,8.2,0.0
2018-02-17,17921,15.17622807507022,17,Saturday,2,2018-02-17,36.0,59.0,30.0,11.3,0.05
2018-04-18,51110,13.195589251940255,18,Wednesday,4,2018-04-18,44.7,55.0,39.0,11.6,0.0
2018-03-24,34398,20.730486268581508,24,Saturday,3,2018-03-24,43.3,51.1,37.0,10.2,0.0
2018-01-26,33073,11.978674447434466,26,Friday,1,2018-01-26,32.0,39.0,24.1,6.6,0.0
2018-03-04,25262,13.329999604148526,4,Sunday,3,2018-03-04,41.9,46.9,37.9,16.6,0.0
2018-04-22,54284,21.240274298135738,22,Sunday,4,2018-04-22,55.2,64.9,41.0,8.1,0.0
2018-03-27,41354,12.178721526333613,27,Tuesday,3,2018-03-27,39.4,50.0,34.0,5.8,0.0
2018-03-31,41794,26.8943500661977,31,Saturday,3,2018-03-31,47.1,60.1,39.9,10.7,0.04
2018-03-18,25158,14.37547499801256,18,Sunday,3,2018-03-18,37.4,48.0,28.9,11.6,0.0
2018-04-08,28410,14.941405021705975,8,Sunday,4,2018-04-08,38.9,48.9,33.1,12.2,0.0
2018-04-13,63510,24.079607935758144,13,Friday,4,2018-04-13,65.4,82.0,46.0,11.1,0.0
2018-01-25,31147,11.391361928917709,25,Thursday,1,2018-01-25,29.5,45.0,24.1,14.6,0.0
2018-01-28,20101,21.784186524716848,28,Sunday,1,2018-01-28,50.3,57.0,35.1,6.4,0.19
2018-03-23,38528,13.43364176702658,23,Friday,3,2018-03-23,42.7,51.1,33.1,11.0,0.01
2013-11-25,19116,11.017526330473602,25,Monday,11,2013-11-25,27.9,35.1,24.1,11.9,0.0
2013-12-20,22066,14.084528233481375,20,Friday,12,2013-12-20,45.2,52.0,30.9,5.4,0.0
2013-07-31,37261,15.392547167279458,31,Wednesday,7,2013-07-31,76.1,82.0,70.0,6.2,0.0
2013-11-20,26229,11.41348634463126,20,Wednesday,11,2013-11-20,38.0,51.1,32.0,9.0,0.0
2013-09-12,31252,13.67864350014932,12,Thursday,9,2013-09-12,80.6,88.0,71.1,8.4,0.0
2013-11-10,19712,13.913954274891772,10,Sunday,11,2013-11-10,50.1,60.1,39.9,11.0,0.0
2013-12-21,17940,14.476455778520998,21,Saturday,12,2013-12-21,53.6,60.1,37.9,6.6,0.0
2013-08-12,31457,15.305080480232276,12,Monday,8,2013-08-12,74.8,82.0,66.9,5.5,0.09
2013-08-22,26629,14.405246786085346,22,Thursday,8,2013-08-22,77.5,90.0,73.0,5.8,0.0
2013-12-29,3775,12.156847682119206,29,Sunday,12,2013-12-29,45.2,55.0,36.0,7.1,0.0
2013-10-27,23965,14.660169691911811,27,Sunday,10,2013-10-27,53.0,59.0,43.0,10.3,0.0
2013-11-30,9863,13.679970597181384,30,Saturday,11,2013-11-30,31.3,39.0,25.0,7.2,0.0
2013-12-26,9763,11.935071187135105,26,Thursday,12,2013-12-26,31.7,36.0,19.0,6.2,0.0
2013-10-25,30979,12.511262468123563,25,Friday,10,2013-10-25,47.4,55.0,42.1,13.0,0.0
2013-07-02,22745,15.968826115629808,2,Tuesday,7,2013-07-02,76.1,82.9,73.0,8.0,0.73
2013-09-22,29758,16.50093868315523,22,Sunday,9,2013-09-22,66.3,75.9,61.0,12.9,0.98
2013-09-01,25235,18.374891354600106,1,Sunday,9,2013-09-01,79.6,86.0,73.0,8.0,0.0
2013-08-21,36315,15.094893294781771,21,Wednesday,8,2013-08-21,81.1,90.0,70.0,4.5,0.0
2013-11-08,28686,12.609130470148044,8,Friday,11,2013-11-08,46.0,63.0,41.0,14.2,0.08
2013-07-06,20467,19.326261787267295,6,Saturday,7,2013-07-06,87.0,95.0,77.0,9.3,0.0
2013-10-24,32251,12.11527549533348,24,Thursday,10,2013-10-24,48.4,55.0,43.0,11.8,0.0
2013-08-03,29540,18.492146806589936,3,Saturday,8,2013-08-03,76.4,86.0,70.0,8.1,0.0
2013-09-26,38189,13.785808304311011,26,Thursday,9,2013-09-26,63.9,72.0,55.0,6.2,0.0
2013-10-11,33357,13.342567277233169,11,Friday,10,2013-10-11,63.7,69.1,54.0,16.4,0.0
2013-10-12,32457,16.87697363691448,12,Saturday,10,2013-10-12,65.7,72.0,60.1,15.5,0.0
2013-09-05,35825,14.598231681786467,5,Thursday,9,2013-09-05,74.3,82.0,66.0,9.3,0.0
2013-07-30,37334,15.82817985393118,30,Tuesday,7,2013-07-30,75.9,89.1,70.0,8.7,0.0
2013-11-04,27142,12.367596345147737,4,Monday,11,2013-11-04,39.5,55.9,34.0,10.3,0.0
2013-12-03,27431,12.168702684310936,3,Tuesday,12,2013-12-03,44.0,53.1,37.9,4.0,0.0
2015-01-17,7491,10.954093801450632,17,Saturday,1,2015-01-17,22.3,42.1,17.1,11.8,0.0
2015-07-20,34889,15.001682478718218,20,Monday,7,2015-07-20,89.1,95.0,78.1,7.1,0.0
2015-04-23,22074,14.39543052157893,23,Thursday,4,2015-04-23,47.4,66.9,42.1,13.5,0.1
2015-03-12,17530,12.15231793116562,12,Thursday,3,2015-03-12,45.3,60.1,37.0,16.4,0.02
2015-07-16,42356,16.96934161236503,16,Thursday,7,2015-07-16,72.1,81.0,64.0,8.7,0.01
2015-11-13,38970,14.539436746215038,13,Friday,11,2015-11-13,56.8,60.1,51.1,16.1,0.01
2015-12-13,32001,19.65704092580441,13,Sunday,12,2015-12-13,57.1,66.0,53.1,3.3,0.0
2015-10-30,44518,15.936337361666444,30,Friday,10,2015-10-30,56.8,73.9,51.1,13.4,0.01
2015-09-21,47180,16.602875865479724,21,Monday,9,2015-09-21,65.4,75.9,59.0,11.0,0.0
2015-10-18,23978,16.756904245558427,18,Sunday,10,2015-10-18,44.4,55.0,39.0,11.4,0.0
2015-12-05,26358,21.226578268457395,5,Saturday,12,2015-12-05,47.1,52.0,43.0,4.1,0.0
2015-06-12,35136,14.597696569520338,12,Friday,6,2015-06-12,80.7,91.9,71.1,7.7,0.0
2015-07-03,26928,18.451265102000395,3,Friday,7,2015-07-03,73.5,81.0,66.9,4.8,0.0
2015-03-29,9826,14.182955085148246,29,Sunday,3,2015-03-29,33.5,46.0,27.0,10.3,0.0
2015-05-26,35786,15.203880008942042,26,Tuesday,5,2015-05-26,75.2,86.0,64.9,10.3,0.0
2015-01-25,9379,12.021174965348116,25,Sunday,1,2015-01-25,37.6,42.1,32.0,12.8,0.07
2015-09-04,39956,15.866640804885373,4,Friday,9,2015-09-04,80.3,93.0,75.0,8.6,0.0
2015-03-03,6533,12.700640338792796,3,Tuesday,3,2015-03-03,28.4,37.9,24.1,9.8,0.0
2015-02-20,6159,10.046747307463333,20,Friday,2,2015-02-20,10.9,27.0,3.0,18.2,0.0
2015-01-11,7467,10.384540868711218,11,Sunday,1,2015-01-11,24.8,37.0,17.1,8.5,0.0
2015-09-17,50705,17.223370147585708,17,Thursday,9,2015-09-17,78.0,87.1,68.0,4.1,0.0
2015-01-29,8870,12.531798196166855,29,Thursday,1,2015-01-29,26.3,34.0,17.1,6.1,0.0
2015-05-20,33823,13.874159102780157,20,Wednesday,5,2015-05-20,62.0,82.0,55.0,13.2,0.0
2015-12-21,29800,12.92418903803132,21,Monday,12,2015-12-21,45.6,55.0,36.0,8.0,0.0
2015-02-04,8973,11.625942642743045,4,Wednesday,2,2015-02-04,30.0,39.9,14.0,5.6,0.0
2015-10-06,49719,17.5488512104695,6,Tuesday,10,2015-10-06,62.4,73.0,52.0,5.0,0.0
2015-08-05,41075,14.349636437411242,5,Wednesday,8,2015-08-05,80.5,91.0,70.0,6.3,0.0
2015-03-19,15446,12.821573007035257,19,Thursday,3,2015-03-19,33.5,42.1,28.0,10.7,0.0
2015-04-12,19954,19.100768434065017,12,Sunday,4,2015-04-12,51.3,64.9,44.1,7.6,0.0
2015-10-24,31713,19.284232543962,24,Saturday,10,2015-10-24,48.3,64.9,41.0,7.7,0.0
2015-07-06,35251,15.052033039251842,6,Monday,7,2015-07-06,77.1,84.9,70.0,6.2,0.0
2015-07-05,25920,19.96626157407407,5,Sunday,7,2015-07-05,75.1,84.9,69.1,4.6,0.0
2015-10-19,36570,16.252126515358675,19,Monday,10,2015-10-19,43.5,53.1,37.0,8.1,0.0
2015-05-11,32382,16.478707306528317,11,Monday,5,2015-05-11,74.4,82.9,57.0,9.4,0.0
2015-03-16,16787,11.890594904787434,16,Monday,3,2015-03-16,40.2,51.1,36.0,9.3,0.0
2015-11-09,42262,15.837494676068337,9,Monday,11,2015-11-09,53.0,60.1,46.0,2.9,0.0
2015-04-29,31532,14.744549452408137,29,Wednesday,4,2015-04-29,64.2,75.9,51.1,8.8,0.0
2015-09-05,34005,20.36882762338872,5,Saturday,9,2015-09-05,72.9,84.0,66.9,8.7,0.0
2015-07-12,31037,20.149660620120073,12,Sunday,7,2015-07-12,81.1,89.1,72.0,4.9,0.0
2015-01-02,11304,12.187349610757254,2,Friday,1,2015-01-02,38.6,42.1,27.0,12.6,0.0
2015-07-02,35559,17.68244654424102,2,Thursday,7,2015-07-02,75.7,84.9,70.0,6.4,0.0
2015-11-17,38939,14.368553806380929,17,Tuesday,11,2015-11-17,49.1,68.0,41.0,10.7,0.0
2015-11-27,22824,18.527007389882,27,Friday,11,2015-11-27,55.6,64.9,41.0,5.0,0.0
2015-01-21,15234,10.447485886832084,21,Wednesday,1,2015-01-21,30.5,39.9,25.0,7.0,0.0
2015-11-26,13291,23.74951094725754,26,Thursday,11,2015-11-26,48.1,60.1,39.9,3.9,0.0
2015-07-17,39595,16.055936776529023,17,Friday,7,2015-07-17,73.5,80.1,64.0,9.0,0.0
2015-08-17,37449,14.14231310137342,17,Monday,8,2015-08-17,84.7,93.0,77.0,4.8,0.0
2015-08-24,38943,14.512043670663958,24,Monday,8,2015-08-24,78.5,86.0,71.1,5.5,0.0
2015-11-30,30213,12.73142411103388,30,Monday,11,2015-11-30,39.8,46.0,33.8,10.5,0.0
2015-01-07,9646,9.820182804616769,7,Wednesday,1,2015-01-07,21.7,25.0,15.1,14.8,0.05
2015-04-20,11202,11.98438076533952,20,Monday,4,2015-04-20,50.6,61.0,45.0,13.2,0.0
2015-01-12,8645,10.394794679005209,12,Monday,1,2015-01-12,36.0,37.9,19.0,5.6,0.0
2015-12-24,18447,18.842397137745973,24,Thursday,12,2015-12-24,64.0,72.0,50.0,9.2,1.46
2015-12-25,12333,34.91361253006838,25,Friday,12,2015-12-25,60.3,72.0,54.0,2.3,0.01
2015-01-04,7849,11.325903512124686,4,Sunday,1,2015-01-04,45.1,57.0,30.9,8.4,0.85
2015-06-05,31294,13.494241707675592,5,Friday,6,2015-06-05,59.5,68.0,54.0,6.5,0.0
2015-06-03,34590,13.803870097330632,3,Wednesday,6,2015-06-03,58.2,69.1,50.0,7.3,0.24
2015-07-10,38559,15.94727473914434,10,Friday,7,2015-07-10,75.8,84.0,68.0,9.4,0.29
2015-05-27,33710,13.713029763670525,27,Wednesday,5,2015-05-27,73.5,86.0,66.9,9.9,0.0
2015-04-17,24175,15.087127886935535,17,Friday,4,2015-04-17,59.7,71.1,46.9,9.0,0.08
2015-01-18,1795,12.057901578458685,18,Sunday,1,2015-01-18,32.7,41.0,17.1,4.6,0.0
2015-06-23,32294,13.689253421688242,23,Tuesday,6,2015-06-23,84.4,91.9,72.0,10.3,0.0
2015-11-01,30622,20.196167787864933,1,Sunday,11,2015-11-01,57.3,64.9,43.0,7.1,0.0
2015-10-25,29289,19.4844412578101,25,Sunday,10,2015-10-25,59.3,68.0,41.0,9.1,0.01
2015-07-08,35047,14.531237576207188,8,Wednesday,7,2015-07-08,82.0,89.1,75.0,7.7,0.0
2015-07-26,30543,18.38259721267284,26,Sunday,7,2015-07-26,79.8,89.1,71.1,9.6,0.0
2015-07-04,21706,22.563756565005068,4,Saturday,7,2015-07-04,71.8,81.0,66.9,6.9,0.0
2015-07-22,42557,15.67489876322736,22,Wednesday,7,2015-07-22,77.1,91.9,71.1,11.8,0.0
2015-08-11,25066,21.170636852043923,11,Tuesday,8,2015-08-11,75.1,82.4,71.1,10.9,0.67
2015-12-29,13347,12.11237981069404,29,Tuesday,12,2015-12-29,40.2,46.9,33.8,12.7,0.37
2017-08-18,36620,17.119950391407247,18,Friday,8,2017-08-18,77.3,82.9,70.0,7.7,0.01
2017-04-26,37727,12.711058834963469,26,Wednesday,4,2017-04-26,55.2,62.1,50.0,11.9,0.73
2017-06-18,49472,22.72258280778351,18,Sunday,6,2017-06-18,75.3,84.0,64.0,8.8,1.26
2017-05-06,46618,17.841924792998416,6,Saturday,5,2017-05-06,62.4,66.9,53.1,13.8,2.31
2017-09-06,42295,13.882774953698233,6,Wednesday,9,2017-09-06,69.9,84.9,62.1,7.0,0.0
2017-09-26,71518,14.116304053991064,26,Tuesday,9,2017-09-26,73.7,86.0,68.0,5.6,0.0
2017-05-23,60032,15.90623278695807,23,Tuesday,5,2017-05-23,63.4,70.0,57.0,4.9,0.53
2017-07-03,48193,21.414255873951262,3,Monday,7,2017-07-03,83.3,91.0,73.0,7.2,0.0
2017-11-28,51170,13.056802488437237,28,Tuesday,11,2017-11-28,44.0,53.1,37.0,8.1,0.0
2017-04-23,49107,20.696603674968273,23,Sunday,4,2017-04-23,54.7,64.9,48.0,7.0,0.07
2017-07-04,49924,25.360597441444327,4,Tuesday,7,2017-07-04,77.8,90.0,70.0,4.2,0.12
2017-10-21,65874,18.130275981419068,21,Saturday,10,2017-10-21,67.7,79.0,59.0,4.6,0.0
2017-09-09,60155,18.96770592635691,9,Saturday,9,2017-09-09,63.7,73.0,57.9,9.1,0.0
2017-05-10,58454,15.4909829381508,10,Wednesday,5,2017-05-10,56.8,64.9,48.9,6.2,0.0
2017-11-18,27745,14.609453354958852,18,Saturday,11,2017-11-18,44.0,52.0,36.0,7.2,0.0
2017-05-27,46534,20.084620922336356,27,Saturday,5,2017-05-27,67.4,75.9,57.0,8.0,0.12
2017-04-07,35779,12.251440789289804,7,Friday,4,2017-04-07,50.1,54.0,43.0,13.2,0.83
2017-12-11,41838,12.989079704256104,11,Monday,12,2017-12-11,38.0,43.0,32.0,9.4,0.0
2017-10-20,72173,17.638841856834745,20,Friday,10,2017-10-20,66.9,73.9,57.9,9.7,0.0
2017-06-05,55883,15.63976999564567,5,Monday,6,2017-06-05,61.8,71.1,59.0,7.9,0.06
2017-12-01,50708,12.97576845205227,1,Friday,12,2017-12-01,50.4,54.0,39.9,9.3,0.02
2017-10-08,41044,27.229053373615315,8,Sunday,10,2017-10-08,74.0,82.0,66.0,9.3,0.0
2017-10-13,67020,17.568579279816966,13,Friday,10,2017-10-13,59.1,68.0,53.1,11.2,0.03
2017-11-11,28142,13.736916945016937,11,Saturday,11,2017-11-11,31.0,37.9,26.1,11.3,0.0
2017-05-07,34293,15.373477094450765,7,Sunday,5,2017-05-07,56.1,66.9,53.1,12.2,0.01
2017-04-28,62199,16.742810173797004,28,Friday,4,2017-04-28,66.6,84.9,55.0,5.9,0.01
2017-08-08,65233,18.12300497192116,8,Tuesday,8,2017-08-08,70.3,80.1,64.9,7.1,0.43
2017-10-07,63635,26.91243524265996,7,Saturday,10,2017-10-07,72.4,82.0,66.0,6.4,0.0
2017-04-21,39868,13.169335891776196,21,Friday,4,2017-04-21,52.3,66.0,48.9,11.2,0.3
2017-09-02,37812,21.403479935822848,2,Saturday,9,2017-09-02,63.2,72.0,55.9,7.9,0.0
2017-09-04,55285,22.74168038346748,4,Monday,9,2017-09-04,71.3,82.0,59.0,11.2,0.4
2017-10-04,71454,17.47994490628003,4,Wednesday,10,2017-10-04,64.8,75.0,57.9,6.8,0.0
2017-07-06,62147,17.69381064250889,6,Thursday,7,2017-07-06,74.5,84.9,69.1,7.1,0.0
2017-10-06,70257,26.95417348686489,6,Friday,10,2017-10-06,74.7,84.0,66.0,7.0,0.0
2017-10-27,69268,18.71862379934939,27,Friday,10,2017-10-27,55.7,63.0,51.1,8.9,0.0
2017-10-05,70174,15.332242473470703,5,Thursday,10,2017-10-05,73.0,84.0,57.9,9.5,0.0
2017-08-23,65070,20.25781414886533,23,Wednesday,8,2017-08-23,78.2,84.0,73.4,11.1,0.25
2017-05-04,57429,16.835364246867144,4,Thursday,5,2017-05-04,57.7,66.9,51.1,8.9,0.0
2017-06-04,40138,17.706767070274214,4,Sunday,6,2017-06-04,66.0,73.9,59.0,6.3,0.0
2017-11-16,49737,13.121450161181144,16,Thursday,11,2017-11-16,52.2,59.0,37.9,10.2,0.7
2017-08-31,64881,15.472770148425578,31,Thursday,8,2017-08-31,74.0,82.0,61.0,9.8,0.01
2017-04-03,43485,18.119450768464223,3,Monday,4,2017-04-03,56.4,63.0,43.0,7.0,0.0
2017-08-09,67884,21.83238416514445,9,Wednesday,8,2017-08-09,76.5,84.9,64.9,5.2,0.0
2017-08-10,66249,16.36331290535203,10,Thursday,8,2017-08-10,77.5,86.0,68.0,6.0,0.0
2017-06-10,57087,21.407791032400834,10,Saturday,6,2017-06-10,78.1,88.0,55.9,7.6,0.0
2017-11-27,46733,13.079298711117772,27,Monday,11,2017-11-27,45.3,53.1,42.1,12.9,0.0
2017-06-21,67218,17.448709423071204,21,Wednesday,6,2017-06-21,80.3,87.1,70.0,8.7,0.01
2017-09-22,70127,17.24045541184803,22,Friday,9,2017-09-22,73.8,81.0,68.0,11.5,0.0
2017-09-23,62687,21.878944331892303,23,Saturday,9,2017-09-23,76.5,86.0,68.0,10.0,0.0
2017-04-11,57310,23.40955795963475,11,Tuesday,4,2017-04-11,67.4,78.1,52.0,7.9,0.0
2017-06-09,66506,19.486973105183495,9,Friday,6,2017-06-09,66.7,82.9,55.9,7.2,0.0
2017-04-05,47636,19.63189429563075,5,Wednesday,4,2017-04-05,51.7,63.0,45.0,5.4,0.03
2017-10-29,9537,14.528385935479362,29,Sunday,10,2017-10-29,64.0,68.0,54.0,10.3,0.1
2017-04-22,34596,16.986248410220842,22,Saturday,4,2017-04-22,51.8,55.9,48.0,6.9,0.02
2017-09-03,30955,20.100291283045287,3,Sunday,9,2017-09-03,62.6,72.0,55.9,9.8,0.79
2017-12-09,10804,13.7858262371961,9,Saturday,12,2017-12-09,35.2,41.0,30.9,6.8,0.0
2017-09-18,64130,14.658271479806642,18,Monday,9,2017-09-18,70.6,81.0,68.0,8.7,0.0
2017-08-05,58971,24.41991006879088,5,Saturday,8,2017-08-05,76.3,84.9,70.0,10.0,0.82
2017-06-16,56403,16.594723684910377,16,Friday,6,2017-06-16,65.6,75.9,63.0,9.1,0.0
2017-05-22,24627,12.423489124402757,22,Monday,5,2017-05-22,59.8,71.1,57.0,7.5,0.11
2017-10-15,56529,16.60703119932542,15,Sunday,10,2017-10-15,69.8,75.0,62.1,6.8,0.0
2017-06-24,52153,20.705803756894777,24,Saturday,6,2017-06-24,79.5,87.1,70.0,10.0,0.96
2017-12-18,40168,12.761259792206063,18,Monday,12,2017-12-18,38.4,46.9,33.1,5.7,0.02
2017-08-27,54598,22.603337423837253,27,Sunday,8,2017-08-27,70.2,77.0,64.0,7.1,0.0
2017-07-19,63915,16.217755091397432,19,Wednesday,7,2017-07-19,84.8,93.9,75.9,7.6,0.0
2017-04-10,50424,21.018310063990693,10,Monday,4,2017-04-10,61.3,73.0,46.0,7.6,0.0
2017-09-13,69566,16.056317022683494,13,Wednesday,9,2017-09-13,74.0,84.0,63.0,4.9,0.0
2017-05-12,56675,14.965937068078228,12,Friday,5,2017-05-12,56.5,64.0,52.0,6.9,0.0
2017-10-25,71287,16.31944510686848,25,Wednesday,10,2017-10-25,64.8,75.9,61.0,5.5,0.09
2017-05-09,56461,13.92270652899051,9,Tuesday,5,2017-05-09,55.6,64.0,48.0,9.2,0.0
2017-07-21,60072,15.76340974164336,21,Friday,7,2017-07-21,84.4,98.1,77.0,8.7,0.0
2017-07-16,56833,21.489525158505323,16,Sunday,7,2017-07-16,78.0,86.0,66.9,6.6,0.01
2017-07-29,52947,17.363740155249594,29,Saturday,7,2017-07-29,73.3,84.0,68.0,13.2,0.0
2017-08-22,60541,19.689789839392585,22,Tuesday,8,2017-08-22,81.5,91.0,75.0,8.6,0.0
2017-07-31,64218,14.69978225212038,31,Monday,7,2017-07-31,77.7,89.1,66.0,5.3,0.0
2017-05-05,24009,12.928580254626736,5,Friday,5,2017-05-05,56.0,66.0,51.1,11.4,0.01
2017-10-30,49247,13.9803754543424,30,Monday,10,2017-10-30,57.1,68.0,46.9,15.9,2.79
2017-10-23,69274,16.22145971071398,23,Monday,10,2017-10-23,66.9,75.9,57.9,7.1,0.0
2017-08-12,60540,23.13261452483206,12,Saturday,8,2017-08-12,71.8,82.0,64.9,5.9,0.17
2017-09-28,70883,14.306545528076782,28,Thursday,9,2017-09-28,74.1,84.0,68.0,11.8,0.0
2017-07-27,65769,14.640754762882214,27,Thursday,7,2017-07-27,72.2,78.1,64.9,7.9,0.0
2017-11-02,70810,15.926368921527091,2,Thursday,11,2017-11-02,63.0,72.0,46.9,6.7,0.0
2017-07-10,60907,16.566612759343478,10,Monday,7,2017-07-10,78.7,88.0,70.0,8.0,0.0
2017-07-24,43792,15.022174521982702,24,Monday,7,2017-07-24,70.2,80.1,64.0,11.1,0.46
2017-09-07,69519,16.865664782289734,7,Thursday,9,2017-09-07,65.4,73.0,60.8,8.3,0.44
2017-07-23,46942,17.48028879610299,23,Sunday,7,2017-07-23,76.4,91.0,72.0,5.4,0.6
2017-08-19,62442,24.20079060034379,19,Saturday,8,2017-08-19,80.1,89.1,73.0,7.5,0.9
2017-09-05,65445,17.344608959176917,5,Tuesday,9,2017-09-05,76.4,84.9,64.0,8.8,0.0
2017-04-13,52915,15.516411540520958,13,Thursday,4,2017-04-13,58.5,77.0,50.0,9.8,0.03
2017-11-21,52451,15.001825831093148,21,Tuesday,11,2017-11-21,49.1,59.0,37.0,11.2,0.0
2017-06-14,60513,17.42349963368753,14,Wednesday,6,2017-06-14,78.8,93.9,71.6,7.8,0.48
2017-08-13,57518,21.752491393998397,13,Sunday,8,2017-08-13,76.8,84.9,64.9,8.0,0.16
2017-12-28,13420,11.01492424242424,28,Thursday,12,2017-12-28,17.3,25.0,14.0,15.2,0.0
2017-10-31,60242,13.93688705554264,31,Tuesday,10,2017-10-31,53.8,62.1,46.9,13.2,0.05
2017-06-30,58662,19.612318025297466,30,Friday,6,2017-06-30,80.2,89.1,69.1,11.7,0.0
2017-11-25,30518,25.39883620595496,25,Saturday,11,2017-11-25,48.6,57.9,37.0,6.9,0.0
2017-06-29,64272,17.41458800099577,29,Thursday,6,2017-06-29,76.2,82.9,64.0,10.9,0.0
2017-08-26,50109,19.13669001576563,26,Saturday,8,2017-08-26,71.0,78.1,64.0,5.7,0.0
2017-09-29,67177,14.8322694771524,29,Friday,9,2017-09-29,63.3,77.0,57.0,9.0,0.0
2017-10-02,65511,16.055658082866493,2,Monday,10,2017-10-02,64.5,73.9,52.0,4.8,0.0
2017-09-12,74580,15.460779476177702,12,Tuesday,9,2017-09-12,71.9,82.0,59.0,2.9,0.0
2017-08-24,66307,19.99828223264512,24,Thursday,8,2017-08-24,75.2,82.0,69.1,6.8,0.02
2017-12-20,41463,14.186231097605091,20,Wednesday,12,2017-12-20,47.7,55.9,39.9,14.3,0.0
2017-12-29,13759,10.915011992150593,29,Friday,12,2017-12-29,15.5,21.9,12.0,12.0,0.0
2017-08-28,60886,16.823883706161244,28,Monday,8,2017-08-28,69.8,77.0,64.0,9.3,0.0
2017-04-12,51188,14.593362376598686,12,Wednesday,4,2017-04-12,63.9,78.1,54.0,4.3,0.0
2017-09-25,69200,14.692419315992291,25,Monday,9,2017-09-25,77.5,91.0,71.1,5.5,0.0
2017-09-01,54881,16.89548720565101,1,Friday,9,2017-09-01,65.4,82.0,55.9,10.7,0.0
2014-02-18,5140,14.629364461738,18,Tuesday,2,2014-02-18,30.6,39.9,19.0,7.2,0.05
2014-04-08,21884,12.14988347651252,8,Tuesday,4,2014-04-08,51.0,64.9,41.0,10.7,0.99
2014-10-23,13371,12.233315882631569,23,Thursday,10,2014-10-23,52.2,59.0,51.1,15.6,1.0
2014-05-10,21832,15.364831440087944,10,Saturday,5,2014-05-10,65.4,82.0,52.0,7.1,0.02
2014-09-21,26080,16.307601610429447,21,Sunday,9,2014-09-21,70.4,77.0,57.9,3.5,0.21
2014-07-16,35391,13.554079191508205,16,Wednesday,7,2014-07-16,73.8,88.0,68.0,6.4,0.93
2014-01-16,19953,11.388402746454164,16,Thursday,1,2014-01-16,39.1,41.0,37.0,5.9,0.0
2014-02-06,7196,17.346933481563827,6,Thursday,2,2014-02-06,28.4,34.0,21.9,8.6,0.44
2014-07-15,22963,12.21871416336425,15,Tuesday,7,2014-07-15,76.3,88.0,72.0,7.0,0.57
2014-01-03,1144,13.388869463869463,3,Friday,1,2014-01-03,16.6,32.0,10.9,16.7,0.3
2014-05-08,17619,12.222241141192267,8,Thursday,5,2014-05-08,55.6,68.0,51.1,6.7,0.32
2014-10-11,12965,14.29692119809744,11,Saturday,10,2014-10-11,56.2,62.1,51.8,6.2,0.13
2014-01-15,21630,11.70490599476037,15,Wednesday,1,2014-01-15,42.4,50.0,36.0,5.5,0.36
2014-04-05,18655,14.951773429822213,5,Saturday,4,2014-04-05,45.3,54.0,39.0,12.8,0.17
2014-12-11,18141,11.962103338661962,11,Thursday,12,2014-12-11,34.2,37.0,30.2,14.9,0.02
2014-12-21,8747,12.430042681300256,21,Sunday,12,2014-12-21,33.1,36.0,30.0,5.7,0.0
2014-08-02,26784,16.54336108622063,2,Saturday,8,2014-08-02,71.1,86.0,64.9,8.7,0.34
2014-03-12,15101,10.971585766947,12,Wednesday,3,2014-03-12,48.1,64.9,39.0,7.4,0.0
2014-11-28,8378,11.867243574440998,28,Friday,11,2014-11-28,34.4,37.9,30.9,13.1,0.01
2014-06-06,37719,14.525447829122369,6,Friday,6,2014-06-06,67.8,75.9,61.0,11.3,0.3
2014-03-23,11740,12.281138557637712,23,Sunday,3,2014-03-23,41.5,63.0,35.1,11.0,0.0
2014-09-27,30193,18.08473211229976,27,Saturday,9,2014-09-27,72.6,82.9,60.1,3.6,0.0
2014-09-08,34335,14.303210523760988,8,Monday,9,2014-09-08,71.0,80.1,64.9,9.4,0.0
2014-09-05,34831,14.268615601045047,5,Friday,9,2014-09-05,78.3,86.0,71.1,8.0,0.0
2014-04-03,26321,12.891668882894525,3,Thursday,4,2014-04-03,50.7,64.0,41.0,3.9,0.0
2014-10-07,32892,13.51033483319145,7,Tuesday,10,2014-10-07,67.1,72.0,51.1,11.4,0.0
2014-09-20,30011,16.831377939200063,20,Saturday,9,2014-09-20,65.0,73.9,55.0,9.1,0.0
2014-01-28,10033,14.218656766005516,28,Tuesday,1,2014-01-28,18.5,28.0,12.9,11.8,0.0
2014-05-28,29690,12.473383294038404,28,Wednesday,5,2014-05-28,61.3,86.0,54.0,11.7,0.0
2014-06-14,28417,16.75632719850794,14,Saturday,6,2014-06-14,69.6,75.9,62.1,10.1,1.43
2014-07-03,27587,13.28744396515267,3,Thursday,7,2014-07-03,78.9,91.0,72.0,6.3,0.65
2014-12-31,9739,12.678344799260705,31,Wednesday,12,2014-12-31,29.4,35.1,27.0,7.8,0.0
2014-02-25,12830,11.434589503767215,25,Tuesday,2,2014-02-25,28.7,44.1,24.1,12.9,0.0
2014-10-04,13354,14.132470920073889,4,Saturday,10,2014-10-04,65.0,71.1,57.0,10.0,0.07
2014-02-19,8506,14.15800415393056,19,Wednesday,2,2014-02-19,36.4,45.0,25.0,5.3,0.1
2014-09-11,37081,13.37752982210116,11,Thursday,9,2014-09-11,73.8,84.0,63.0,9.1,0.0
2014-07-26,27179,16.45138403424212,26,Saturday,7,2014-07-26,75.7,82.9,66.9,7.9,0.0
2014-08-01,32654,13.526990567771175,1,Friday,8,2014-08-01,76.7,86.0,70.0,7.3,0.0
2014-01-13,20633,11.779531171747523,13,Monday,1,2014-01-13,41.8,54.0,35.1,8.9,0.02
2014-03-22,19880,16.05780600268276,22,Saturday,3,2014-03-22,48.4,63.0,37.0,9.7,0.0
2014-06-20,34405,16.704327859322767,20,Friday,6,2014-06-20,73.3,80.1,66.0,8.0,0.0
2014-07-01,34854,13.23013475258698,1,Tuesday,7,2014-07-01,79.0,88.0,69.1,10.2,0.0
2014-06-15,28382,17.31756277452845,15,Sunday,6,2014-06-15,67.6,79.0,61.0,10.0,0.0
2014-12-30,12196,11.50089646878758,30,Tuesday,12,2014-12-30,32.6,44.1,28.9,8.0,0.0
2014-07-17,38619,13.719102859559628,17,Thursday,7,2014-07-17,75.0,82.9,68.0,4.8,0.0
2014-08-26,34519,13.521703989107442,26,Tuesday,8,2014-08-26,79.0,86.0,68.0,4.6,0.0
2014-03-15,18053,14.778114440813162,15,Saturday,3,2014-03-15,47.9,57.9,39.0,11.1,0.0
2014-05-11,28326,18.773016545458827,11,Sunday,5,2014-05-11,69.3,82.0,55.0,9.8,0.93
2014-06-26,34846,13.568823298704771,26,Thursday,6,2014-06-26,77.5,86.0,71.1,6.3,0.07
2014-09-28,29021,18.296087890378235,28,Sunday,9,2014-09-28,73.4,84.0,64.9,3.2,0.0
2014-06-24,35897,13.7367481962281,24,Tuesday,6,2014-06-24,73.5,82.0,66.9,10.8,0.0
2014-04-14,28832,14.8384821263411,14,Monday,4,2014-04-14,61.7,73.9,50.0,10.5,0.0
2014-02-12,8580,14.081419968919976,12,Wednesday,2,2014-02-12,19.0,26.1,14.0,9.2,0.0
2014-03-14,16299,10.919300775098671,14,Friday,3,2014-03-14,29.7,44.1,19.0,12.9,0.0
2014-03-17,12503,10.62121357540857,17,Monday,3,2014-03-17,28.3,33.1,23.0,9.3,0.0
2014-08-06,36336,13.637403676794364,6,Wednesday,8,2014-08-06,76.9,89.1,71.1,7.1,0.0
2014-01-23,5071,15.40198843094722,23,Thursday,1,2014-01-23,13.5,21.0,7.0,11.9,0.0
2014-09-02,30507,13.558917079140304,2,Tuesday,9,2014-09-02,84.3,93.0,75.9,6.8,0.0
2014-02-04,8709,12.54232977379722,4,Tuesday,2,2014-02-04,29.6,42.1,25.0,6.2,0.81
2014-02-20,11792,13.573103233830844,20,Thursday,2,2014-02-20,42.5,50.0,28.0,8.1,0.25
2014-12-28,7902,13.044575213026237,28,Sunday,12,2014-12-28,48.1,55.0,42.1,6.8,0.0
2014-07-29,37092,13.568479276753296,29,Tuesday,7,2014-07-29,70.6,84.0,64.9,11.4,0.0
2014-01-11,7695,12.369558154645867,11,Saturday,1,2014-01-11,43.7,55.0,27.0,9.2,0.22
2014-01-21,3804,14.29661759551349,21,Tuesday,1,2014-01-21,25.7,46.0,14.0,12.5,0.0
2014-02-21,8680,11.754621735791094,21,Friday,2,2014-02-21,37.1,46.9,33.8,8.2,0.02
2014-01-10,9847,11.194096340679057,10,Friday,1,2014-01-10,30.2,34.0,23.0,4.8,0.0
2014-12-07,10510,11.942905169679673,7,Sunday,12,2014-12-07,39.4,48.9,34.0,15.3,1.14
2014-02-05,2746,15.422347657198346,5,Wednesday,2,2014-02-05,31.5,36.0,25.0,9.0,0.74
2014-05-09,22641,12.287202420387787,9,Friday,5,2014-05-09,54.9,63.0,52.0,5.5,0.09
2014-11-12,27807,12.878346579398473,12,Wednesday,11,2014-11-12,58.7,66.0,46.9,5.6,0.0
2014-11-26,3675,12.755083900226758,26,Wednesday,11,2014-11-26,44.0,53.1,33.8,9.8,0.0
2014-02-14,3609,28.90618361503649,14,Friday,2,2014-02-14,35.4,39.9,24.1,16.4,1.75
2014-10-22,9169,11.838021230959388,22,Wednesday,10,2014-10-22,57.0,68.0,52.0,11.5,0.35
2014-09-25,16650,12.3099019019019,25,Thursday,9,2014-09-25,62.6,70.0,57.9,13.0,0.02
2014-03-19,13341,10.864158109087276,19,Wednesday,3,2014-03-19,35.8,45.0,27.0,9.4,0.0
2014-09-10,37653,14.179311520109064,10,Wednesday,9,2014-09-10,68.5,75.0,62.6,9.3,0.0
2014-12-25,4890,18.956530334014992,25,Thursday,12,2014-12-25,52.6,63.0,43.0,12.0,0.71
2014-07-24,36693,13.742467682300893,24,Thursday,7,2014-07-24,76.8,89.1,73.0,7.9,0.12
2014-04-04,12566,10.684554883548198,4,Friday,4,2014-04-04,44.7,51.1,39.2,9.8,0.09
2014-10-14,32614,18.747257312810444,14,Tuesday,10,2014-10-14,67.6,75.9,53.1,8.5,0.03
2014-10-13,22752,13.443484821847164,13,Monday,10,2014-10-13,58.8,66.0,48.9,4.4,0.0
2014-02-09,4996,17.122084334133977,9,Sunday,2,2014-02-09,26.1,28.9,21.0,6.5,0.0
2014-01-04,2292,20.398247527632343,4,Saturday,1,2014-01-04,15.8,27.0,9.0,6.8,0.25
2014-10-05,23456,15.738347686448382,5,Sunday,10,2014-10-05,54.2,71.1,46.9,12.2,0.98
2014-10-27,28806,14.050002892915828,27,Monday,10,2014-10-27,57.0,64.0,51.1,11.0,0.0
2014-04-17,22282,12.433921251832576,17,Thursday,4,2014-04-17,41.1,46.9,32.0,11.4,0.05
2014-12-12,17892,11.387605261196814,12,Friday,12,2014-12-12,34.5,37.9,30.9,12.7,0.03
2014-11-15,14057,12.988551374167075,15,Saturday,11,2014-11-15,37.8,43.0,34.0,9.7,0.03
2014-07-31,35458,13.663461466147742,31,Thursday,7,2014-07-31,75.1,82.9,64.9,8.6,0.0
2014-03-09,12262,12.705340346871091,9,Sunday,3,2014-03-09,41.4,55.9,35.1,11.3,0.0
2014-11-08,17443,14.520727512469186,8,Saturday,11,2014-11-08,42.4,52.0,37.9,11.0,0.0
2014-01-02,8600,12.98032751937984,2,Thursday,1,2014-01-02,28.9,33.1,25.0,14.2,0.01
2014-06-19,31724,13.661286407766994,19,Thursday,6,2014-06-19,74.8,88.0,68.0,5.4,0.0
2014-08-24,27493,17.62836843317693,24,Sunday,8,2014-08-24,72.0,80.1,64.9,6.2,0.0
2014-10-16,26754,13.593397871969296,16,Thursday,10,2014-10-16,69.8,78.1,64.9,11.0,0.72
2014-12-09,6713,11.39864690401708,9,Tuesday,12,2014-12-09,38.7,45.0,25.0,18.1,0.45
2014-08-22,30406,13.575098116599792,22,Friday,8,2014-08-22,71.2,81.0,64.0,7.6,1.2
2014-08-04,33822,13.985576942029848,4,Monday,8,2014-08-04,75.4,84.0,66.0,5.4,0.01
2014-04-09,26931,12.847673065735895,9,Wednesday,4,2014-04-09,51.4,64.9,43.0,13.2,0.01
2014-10-17,34132,15.25180475799836,17,Friday,10,2014-10-17,65.8,72.0,61.0,8.7,0.08
2014-12-15,19382,11.993359818388193,15,Monday,12,2014-12-15,41.6,48.9,37.0,5.9,0.0
2014-04-11,26798,13.810168047366716,11,Friday,4,2014-04-11,59.2,73.9,42.1,8.8,0.0
2014-01-08,9246,10.233461316605377,8,Wednesday,1,2014-01-08,12.9,21.9,3.9,11.4,0.0
2014-06-18,35531,13.559252014672632,18,Wednesday,6,2014-06-18,83.2,88.0,70.0,11.2,0.0
2014-04-06,20750,16.59472530120482,6,Sunday,4,2014-04-06,44.9,59.0,37.0,9.7,0.0
2014-02-16,3003,21.34679764679764,16,Sunday,2,2014-02-16,27.2,37.0,21.9,14.0,0.05
2014-04-24,28107,13.015390590718797,24,Thursday,4,2014-04-24,49.4,62.1,43.0,17.9,0.0
2014-11-29,8183,11.973750458267135,29,Saturday,11,2014-11-29,31.4,37.0,28.9,5.9,0.0
2014-04-10,27463,12.728735025306776,10,Thursday,4,2014-04-10,49.8,59.0,42.1,10.4,0.0
2014-06-07,31204,17.868468251933503,7,Saturday,6,2014-06-07,71.5,82.0,61.0,6.4,0.0
2014-05-20,35567,14.053607745007074,20,Tuesday,5,2014-05-20,65.5,77.0,53.1,8.9,0.0
2014-12-24,4285,11.67763905095294,24,Wednesday,12,2014-12-24,44.5,54.0,42.8,7.8,0.08
2014-01-14,9999,11.116034936827017,14,Tuesday,1,2014-01-14,45.8,50.0,35.1,6.6,0.02
2014-02-10,6846,14.40389765313078,10,Monday,2,2014-02-10,25.9,28.9,21.0,12.4,0.1
2014-03-07,13304,11.046503557827224,7,Friday,3,2014-03-07,29.2,36.0,16.0,10.2,0.0
2014-03-13,10979,10.652381819837874,13,Thursday,3,2014-03-13,28.8,54.0,19.0,20.9,0.35
2014-09-06,25833,15.7714905998787,6,Saturday,9,2014-09-06,80.8,91.0,73.0,8.0,0.0
2014-11-13,20652,14.003687294208792,13,Thursday,11,2014-11-13,45.7,66.0,39.9,5.3,0.0
2014-02-24,12922,12.587243976680591,24,Monday,2,2014-02-24,40.0,54.0,33.1,13.2,0.0
2014-07-12,28718,16.70461034891009,12,Saturday,7,2014-07-12,77.0,86.0,70.0,7.0,0.0
2014-09-29,33161,15.074445382628191,29,Monday,9,2014-09-29,72.7,84.0,64.9,4.1,0.0
2014-03-06,12773,10.194545786685454,6,Thursday,3,2014-03-06,24.2,37.0,16.0,10.2,0.0
2014-01-31,14653,11.705812234127254,31,Friday,1,2014-01-31,30.5,39.0,18.0,7.3,0.0
2014-11-11,29358,12.8230874037741,11,Tuesday,11,2014-11-11,54.9,64.0,42.1,5.0,0.0
2014-09-15,35045,14.662093974413848,15,Monday,9,2014-09-15,63.6,73.0,55.0,6.5,0.0
2014-03-21,20718,12.220391286160185,21,Friday,3,2014-03-21,43.7,53.1,39.0,14.1,0.0
2014-05-30,34343,14.141829970202563,30,Friday,5,2014-05-30,63.2,75.9,51.1,4.1,0.0
2014-03-05,13801,10.51899983093012,5,Wednesday,3,2014-03-05,30.6,37.0,12.9,5.1,0.0
2014-09-03,35535,13.646317714928944,3,Wednesday,9,2014-09-03,80.2,93.0,73.0,9.6,0.0
2014-07-05,22913,18.27483015464292,5,Saturday,7,2014-07-05,71.8,82.9,64.9,13.7,0.16
2014-09-12,37204,15.752581263663409,12,Friday,9,2014-09-12,70.6,84.0,63.0,9.6,0.0
2014-05-04,21277,15.436263727655842,4,Sunday,5,2014-05-04,58.7,69.1,54.0,12.2,0.03
2014-05-07,32882,13.288734464651377,7,Wednesday,5,2014-05-07,59.0,68.0,51.1,7.0,0.0
2014-04-21,27124,13.895182003637617,21,Monday,4,2014-04-21,49.9,63.0,41.0,5.4,0.0
2014-09-17,37453,13.742398027750337,17,Wednesday,9,2014-09-17,65.9,73.0,57.9,4.3,0.41
2014-01-27,13119,10.53511192418122,27,Monday,1,2014-01-27,33.7,44.1,18.0,9.4,0.0
2014-07-27,27004,16.19756579272207,27,Sunday,7,2014-07-27,77.5,88.0,71.1,8.5,0.0
2014-03-27,16666,11.413531541261651,27,Thursday,3,2014-03-27,30.1,42.1,23.0,12.7,0.0
2014-11-10,27655,12.945201591032362,10,Monday,11,2014-11-10,51.8,61.0,42.1,3.4,0.0
2014-09-19,34713,13.759263580406955,19,Friday,9,2014-09-19,62.1,75.0,55.0,10.3,0.0
2014-05-25,25637,20.052994370116096,25,Sunday,5,2014-05-25,65.5,81.0,55.9,5.4,0.02
2014-08-12,26261,12.027818818780704,12,Tuesday,8,2014-08-12,75.5,87.1,72.0,11.1,0.0
2014-02-15,2261,18.350471767654422,15,Saturday,2,2014-02-15,34.5,39.0,30.2,9.7,0.25
2014-08-03,25276,16.505556654533947,3,Sunday,8,2014-08-03,69.6,75.9,64.9,4.8,0.12
2014-12-05,15818,12.185782020482996,5,Friday,12,2014-12-05,38.4,46.0,34.0,9.3,0.0
2014-03-01,9202,11.87463232630588,1,Saturday,3,2014-03-01,26.6,37.9,10.0,5.6,0.0
2014-11-21,17806,10.8112331049459,21,Friday,11,2014-11-21,33.1,46.0,28.0,15.8,0.0
2014-07-21,35670,13.67811512942716,21,Monday,7,2014-07-21,74.0,84.0,66.9,4.4,0.0
2014-02-11,8343,16.451386391785526,11,Tuesday,2,2014-02-11,22.6,28.9,18.0,11.3,0.0
2014-05-02,32377,14.010143002748864,2,Friday,5,2014-05-02,62.8,77.0,48.9,7.6,0.01
2014-08-21,33804,13.843160572713288,21,Thursday,8,2014-08-21,75.0,84.0,69.1,6.3,0.07
2014-09-22,33239,13.489832726616322,22,Monday,9,2014-09-22,68.8,77.0,61.0,11.1,0.0
2014-03-04,10398,10.333017567480926,4,Tuesday,3,2014-03-04,20.3,32.0,12.9,6.4,0.0
2014-01-30,12158,11.191953172122608,30,Thursday,1,2014-01-30,21.6,28.9,14.0,7.5,0.0
2014-11-25,25580,14.14487816002085,25,Tuesday,11,2014-11-25,60.1,66.9,48.9,9.7,0.0
2014-12-06,4047,13.02293468412816,6,Saturday,12,2014-12-06,44.9,48.9,34.0,4.1,0.7
2014-05-16,17784,11.656169403208876,16,Friday,5,2014-05-16,67.2,75.0,54.0,15.9,0.03
2014-05-22,24535,12.212325249643364,22,Thursday,5,2014-05-22,62.9,75.0,57.9,6.2,0.27
2014-10-03,34944,15.281557158119664,3,Friday,10,2014-10-03,62.4,69.1,57.0,6.8,0.0
2014-06-10,33435,13.348906335676189,10,Tuesday,6,2014-06-10,66.9,75.2,63.0,6.5,0.79
2014-05-24,16798,15.95724391792674,24,Saturday,5,2014-05-24,60.2,68.0,57.0,6.2,1.09
2014-06-13,18308,12.684859988347531,13,Friday,6,2014-06-13,65.7,75.9,59.0,8.4,0.14
2014-11-14,21082,12.606940359864655,14,Friday,11,2014-11-14,39.3,48.0,36.0,12.4,0.2
2014-02-03,2600,13.292378205128207,3,Monday,2,2014-02-03,35.6,55.0,30.0,8.2,0.27
2014-11-24,23031,12.72771409549448,24,Monday,11,2014-11-24,57.5,64.0,44.1,10.6,0.61
2014-11-06,12283,12.065164590626612,6,Thursday,11,2014-11-06,52.7,64.0,48.0,5.3,0.13
2014-06-11,30548,13.418144122910393,11,Wednesday,6,2014-06-11,65.6,75.0,61.0,9.5,0.04
2014-04-16,20082,11.889953689871527,16,Wednesday,4,2014-04-16,38.9,46.9,32.0,14.1,0.82
2014-11-02,14100,16.124030732860522,2,Sunday,11,2014-11-02,44.6,48.0,42.1,19.4,0.17
2014-07-28,33189,13.454911265780828,28,Monday,7,2014-07-28,78.2,88.0,70.0,9.4,0.26
2014-03-08,16350,15.866276248725796,8,Saturday,3,2014-03-08,41.6,55.9,26.1,7.3,0.0
2014-06-02,34519,14.685100476066316,2,Monday,6,2014-06-02,69.7,79.0,57.0,9.3,0.0
2014-03-26,14500,10.198148275862073,26,Wednesday,3,2014-03-26,33.4,37.9,26.1,16.8,0.0
2014-05-05,30288,14.3967941098785,5,Monday,5,2014-05-05,57.5,66.9,50.0,15.6,0.0
2014-04-19,24369,18.437031337628415,19,Saturday,4,2014-04-19,50.6,64.9,35.1,6.8,0.0
2014-03-11,24356,12.948284474735862,11,Tuesday,3,2014-03-11,52.3,64.9,37.0,7.0,0.0
2014-05-21,34420,13.388106236684102,21,Wednesday,5,2014-05-21,69.7,77.0,57.0,6.7,0.0
2014-06-21,30288,17.23016596231731,21,Saturday,6,2014-06-21,70.0,75.9,62.1,8.4,0.0
2014-10-01,27942,12.342573306611316,1,Wednesday,10,2014-10-01,63.3,66.2,60.8,8.4,0.04
2014-04-26,19899,16.160248421193693,26,Saturday,4,2014-04-26,52.0,64.0,44.6,8.2,0.7
2014-05-14,30044,12.947753295167091,14,Wednesday,5,2014-05-14,56.5,71.1,51.1,7.1,0.0
2014-01-29,10021,11.17113062568606,29,Wednesday,1,2014-01-29,18.2,23.0,12.9,8.1,0.05
2014-01-22,2451,16.576716986264106,22,Wednesday,1,2014-01-22,12.6,32.0,7.0,16.6,0.25
2014-12-20,9582,11.22143254713699,20,Saturday,12,2014-12-20,31.9,37.9,30.0,7.8,0.0
2014-12-16,16816,11.871855177608628,16,Tuesday,12,2014-12-16,41.5,48.9,36.0,5.6,0.0
2014-11-22,12682,13.606544709036427,22,Saturday,11,2014-11-22,34.3,43.0,28.0,8.8,0.0
2014-10-21,31330,13.243528034897333,21,Tuesday,10,2014-10-21,60.0,68.0,44.1,5.6,0.0
2014-11-05,30539,14.52771810908456,5,Wednesday,11,2014-11-05,61.4,69.1,55.0,9.0,0.0
2014-04-28,28557,13.4427396668651,28,Monday,4,2014-04-28,53.7,64.0,46.0,7.3,0.0
2014-05-19,31692,13.411918885943876,19,Monday,5,2014-05-19,60.4,70.0,53.1,10.5,0.0
2014-02-28,9587,11.09042453322207,28,Friday,2,2014-02-28,17.3,33.1,10.0,13.3,0.0
2014-10-31,27785,18.07044448443405,31,Friday,10,2014-10-31,49.9,57.9,45.0,9.3,0.0
2014-06-30,33597,13.798781637249354,30,Monday,6,2014-06-30,75.8,84.0,69.1,9.0,0.0
2014-07-06,23822,20.219724764223542,6,Sunday,7,2014-07-06,78.2,87.1,64.9,9.5,0.0
2014-01-18,9438,14.084099738645197,18,Saturday,1,2014-01-18,37.5,46.0,32.0,7.7,0.0
2014-08-08,34073,14.120054001702227,8,Friday,8,2014-08-08,74.0,82.9,66.0,7.1,0.0
2014-11-04,31174,13.306952909475845,4,Tuesday,11,2014-11-04,60.2,69.1,41.0,8.5,0.0
2014-02-17,4854,16.118342260678478,17,Monday,2,2014-02-17,24.4,33.1,19.0,11.2,0.0
2014-12-14,11941,13.483606900594593,14,Sunday,12,2014-12-14,40.4,45.0,35.1,11.3,0.0
2014-07-22,36886,13.627777476549364,22,Tuesday,7,2014-07-22,78.1,87.1,66.9,7.3,0.0
2014-02-07,8495,17.48243868942514,7,Friday,2,2014-02-07,28.5,33.1,21.9,8.9,0.0
2014-05-27,32936,14.420076309610558,27,Tuesday,5,2014-05-27,79.5,87.1,66.0,7.6,0.0
2014-11-18,16691,11.099698440277198,18,Tuesday,11,2014-11-18,37.1,53.1,28.0,16.2,1.0
2014-07-02,26582,12.60920234243724,2,Wednesday,7,2014-07-02,81.7,91.0,73.0,10.1,0.0
2014-10-18,24978,17.851717511410055,18,Saturday,10,2014-10-18,64.1,72.0,60.1,8.9,0.0
2014-01-25,4338,11.46690102966036,25,Saturday,1,2014-01-25,22.0,27.0,10.9,12.6,0.0
2014-11-07,25355,12.322618812857424,7,Friday,11,2014-11-07,49.6,59.0,45.0,12.9,0.21
2014-05-18,27436,17.05679520824221,18,Sunday,5,2014-05-18,60.4,70.0,53.1,7.6,0.0
2014-05-13,32847,13.422771232278944,13,Tuesday,5,2014-05-13,65.8,82.0,59.0,7.7,0.0
2014-04-23,26949,12.408973122070082,23,Wednesday,4,2014-04-23,55.6,66.0,48.0,16.0,0.0
2014-04-25,27919,13.529182635481211,25,Friday,4,2014-04-25,52.3,60.1,43.0,8.9,0.0
2014-03-24,13598,10.486559297935973,24,Monday,3,2014-03-24,28.1,42.1,21.9,12.8,0.0
2014-07-25,36384,14.157776770008793,25,Friday,7,2014-07-25,74.6,82.0,66.9,6.9,0.0
2014-12-18,19051,11.244470106556088,18,Thursday,12,2014-12-18,41.0,53.1,37.9,15.4,0.03
2014-04-02,22515,12.002125249833448,2,Wednesday,4,2014-04-02,45.6,59.0,39.0,5.7,0.0
2014-05-29,33889,13.324726312372748,29,Thursday,5,2014-05-29,55.6,63.0,51.1,9.8,0.0
2014-07-11,35000,14.030660000000005,11,Friday,7,2014-07-11,76.9,84.9,70.0,6.1,0.0
2014-12-29,13549,13.280457352326124,29,Monday,12,2014-12-29,41.3,52.0,37.9,10.0,0.1
2014-04-01,23908,12.853388684401324,1,Tuesday,4,2014-04-01,45.9,59.0,36.0,8.5,0.02
2014-06-28,28507,16.904747371990503,28,Saturday,6,2014-06-28,75.6,87.1,68.0,5.4,0.0
2014-12-13,12549,16.93230801923128,13,Saturday,12,2014-12-13,37.2,44.1,32.0,13.7,0.0
2014-09-04,36496,14.0825044753763,4,Thursday,9,2014-09-04,78.5,86.0,71.1,6.1,0.0
2014-06-17,35097,14.096376708360642,17,Tuesday,6,2014-06-17,76.7,88.0,64.0,6.7,0.0
2014-02-23,13324,15.581533323326328,23,Sunday,2,2014-02-23,48.0,55.0,37.9,5.2,0.0
2014-01-07,6267,12.101688739960638,7,Tuesday,1,2014-01-07,14.0,36.0,3.9,19.6,0.24
2014-10-19,18840,14.547722929936308,19,Sunday,10,2014-10-19,54.5,70.0,48.0,14.8,0.0
2014-07-09,34426,13.330690950638084,9,Wednesday,7,2014-07-09,79.5,93.0,72.0,10.2,0.0
